"randomise_blocks","randomise_trials","display","ANSWER","image1","image1f","ES","EarningCorrect","EarningWrong","skip_ref","meanC1","sdC1","meanE1","sdE1","meanC2","sdC2","meanE2","sdE2","meanC3","sdC3","meanE3","sdE3","meanC4","sdC4","meanE4","sdE4","meanC5","sdC5","meanE5","sdE5","meanC6","sdC6","meanE6","sdE6","ObsE1","ObsE2","ObsE3","ObsE4","ObsE5","ObsE6","LL1","LL2","LL3","LL4","LL5","LL6","t1","t2","t3","t4","t5","t6","BF1","BF2","BF3","BF4","BF5","BF6","bonus"
NA,NA,"instructions","Blue=Pink","E5_demo.gif","E5_demo.png",NA,NA,NA,NA,NA,NA,NA,NA,NA,NA,NA,NA,NA,NA,NA,NA,NA,NA,NA,NA,NA,NA,NA,NA,NA,NA,NA,NA,NA,NA,NA,NA,NA,NA,NA,NA,NA,NA,NA,NA,NA,NA,NA,NA,NA,NA,NA,NA,NA,NA,NA,NA,NA
NA,NA,"demo","Blue=Pink","E5_demo.gif","E5_demo.png",NA,NA,NA,NA,NA,NA,NA,NA,NA,NA,NA,NA,NA,NA,NA,NA,NA,NA,NA,NA,NA,NA,NA,NA,NA,NA,NA,NA,NA,NA,NA,NA,NA,NA,NA,NA,NA,NA,NA,NA,NA,NA,NA,NA,NA,NA,NA,NA,NA,NA,NA,NA,NA
NA,1,"beeswarms","Blue=Pink","E0_AF.gif","E0_AF.png",0,10,-10,1,-0.169851247931565,1.25226576740243,-0.0762385358216299,0.92312794805476,-0.229729568200531,1.08613595437628,-0.137993637601437,0.988813695810623,-0.174289102393551,0.930649242646124,-0.0835288314040398,1.04714632022277,0.00838224595099285,0.960368831744768,0.0532512599262342,1.17854215818655,0.0117976607262502,0.961237332071599,0.0656818743578625,1.09819560593124,0.0116565605768101,0.993954235548038,0.018145333662636,1.01988209622351,0.0850965800163529,0.0883252182795159,0.0916204229495925,0.0417384378617282,0.0522138412767148,0.00644365706810759,-0.194608872303075,-0.369663425713563,-0.699097279324459,-2.58749384567117,-4.655077578852,-13.5627939195407,0.190281737569315,0.279308864594809,0.409738987685141,0.263977059240939,0.467014793844474,0.0815065311850509,0.452563164380156,0.380566611198787,0.323995181948293,0.211371172700484,0.184942024447645,0.0940948387838719,5
NA,1,"beeswarms","Blue=Pink","E0_M.gif","E0_M.png",0,10,-10,1,0.398974175922608,0.755215000815667,-0.0494870867458541,1.05032780685843,0.38173472273,0.725195595835485,0.163071043000391,0.924101454550852,0.334244263784973,0.872114144903923,0.0847019974044671,0.952604161506416,0.0477167222624097,0.967022334376169,0.0653933130040207,0.884171996572692,0.0895226037496607,0.923266027879581,-0.00198519759103284,0.900955337506667,0.0266805186041711,0.95486410227654,-0.0246528558013473,0.958637155903182,-0.490255097844148,-0.26325233096043,-0.273247484618966,0.0190784011649697,-0.100317823282692,-0.0536537662505197,-1.91976555339015,-2.47693430953451,-5.06843272695056,-3.12908228254043,-11.9176266292126,-19.2465065533861,-1.09624372509533,-0.832476965183422,-1.22199990057767,0.120662403591428,-0.897269888859642,-0.678672425591659,0.224905596092187,0.18849761987621,0.114411324920061,0.187552622287022,0.0689197711380038,0.0554557187574863,3
NA,1,"beeswarms","Blue=Pink","E0_AN.gif","E0_AN.png",0,10,-10,1,-0.194038726765411,0.829873519379473,0.124032706561813,0.994821397016828,-0.16743589058006,0.771165726030361,-0.124529495893545,1.01944054076285,-0.020322076955496,0.8160831686258,-0.330761830626326,0.949261934163585,-0.191266610698928,0.932632587524404,-0.0902229595718656,0.94442738261601,-0.246972199203231,0.867841595198233,-0.0551101088558805,0.965996002576604,-0.121954186172846,0.901890419010413,-0.0540858983335187,1.004612362191,0.347213934577498,0.0474697447633133,-0.350707750890283,0.107659486616589,0.208947459861314,0.0710935128232639,0.591333740844518,-0.614541072309039,-5.99604220523116,-1.01195212979558,2.80613755094394,-7.45321764044783,0.77639396045045,0.150112513398921,-1.56841274245347,0.680898378865672,1.86888289590323,0.899269709535607,0.724509503372461,0.344422796047703,0.0988734009221371,0.314018238429767,1.26008363057397,0.212734449048443,3
NA,1,"beeswarms","Blue=Pink","E0_N.gif","E0_N.png",0,10,-10,1,-0.476617148707381,1.00829602794076,-0.404812844747691,1.27725757570364,-0.165947388864572,1.01771171315997,-0.110903403037898,1.12897608228835,-0.139271613001292,1.00763321397575,0.0419720612766374,1.02251905412155,-0.0571217710837108,0.965973414850254,0.140691397528904,1.08987981031212,-0.0333843505516714,0.994312902799416,0.0638960087354617,1.00108206149498,0.0125007993221009,1.00454549289986,0.00277247108646796,1.02021246690391,0.0624025827435434,0.0512139667953014,0.178547003743025,0.192090433157282,0.0975043049283979,-0.00960908633469532,-0.262655413616696,-0.592099126605709,0.34185124087649,1.00597512467587,-2.49900357962561,-15.0805078926493,0.139536416986118,0.161952783085387,0.798486475096628,1.21488657101068,0.872105015675062,-0.121546396203345,0.436683243389553,0.347507562039445,0.47234063023385,0.591122698689702,0.284803208706303,0.0802803857197557,6
NA,1,"beeswarms","Blue=Pink","E0_J.gif","E0_J.png",0,10,-10,1,-0.254822366953588,0.837135680925446,0.678248622962403,0.755907175632589,-0.0107369925778631,0.801731668901078,0.653379333164182,0.771367763407604,0.119365314171514,0.841700435652338,0.370838056747204,1.02701560925144,-0.0653889538883725,0.824633223275503,0.117682360494395,0.988588562359907,-0.166713030503664,1.00388140332827,0.00714285833607723,1.05562436699047,-0.0117184220586291,1.01145068057555,0.0493940349364464,1.05341554990441,1.16991251751147,0.844183950700393,0.267825904355771,0.20110883746385,0.168779371417783,0.0591804342373857,3.05814603142699,4.16077594062536,1.41096943855202,1.22151822135749,0.893968034592285,-8.57875339983967,2.61600391688357,2.66954404837254,1.19775385654972,1.27192396794873,1.50960859075939,0.748579860431795,6.80576849258412,9.05795096471597,0.749612511793435,0.638597032290962,0.680792941695242,0.178553517657767,2
NA,1,"beeswarms","Blue>Pink","E3_W.gif","E3_W.png",0.3,10,-10,1,0.765805208593804,1.27606463025299,0.0501059660214056,0.7799900080632,0.640367831453875,1.06415146269086,0.342971404188879,1.04889630798581,0.350301733200478,1.03299607774123,0.145911512292452,1.1280388175854,0.0967838974808852,1.01897347106234,0.207050781221827,1.05594193135251,0.0685590991250897,0.937879275814852,0.145937264718808,0.989396206334855,0.0591702494528094,0.995789575872674,0.288298195829756,1.02245616431542,-0.676767080053571,-0.281478423121398,-0.188976898030994,0.106268801327497,0.0802693098322733,0.227036722246016,-2.47901063419306,-2.58617726073771,-4.05927470038556,-1.04518999791097,-3.31947284253422,7.2765733691793,-1.51329719593383,-0.89011292925622,-0.845130380348698,0.672102912821632,0.717950533167822,2.87181261918572,0.193373020519429,0.183258529352387,0.137289958565989,0.311154316019815,0.239284773342445,9.70202166843252,3
NA,1,"beeswarms","Blue>Pink","E3_U.gif","E3_U.png",0.3,10,-10,1,0.376729015439592,0.673047605229778,0.190118245282487,0.899903720518671,0.371560312223427,0.72348246119833,0.329940399039789,0.882151521768652,0.109600571049207,0.854923323788417,0.343346583662191,0.933056198068008,0.0798319637799109,0.901887720364519,0.280851781009953,0.947650174267576,-0.0337979843830012,0.99411185945764,0.327250123223158,0.993239744753441,-0.00937466513314778,0.961695894084828,0.311675513404446,1.00464873870734,-0.234844835663871,-0.051591049779952,0.261214570008294,0.217306511051154,0.363345944499075,0.326467298087491,-1.1539334189698,-1.20828721042523,1.33179840233796,1.60864885962785,10.1570350029354,16.6747321425283,-0.525129016709183,-0.163145224183777,1.16818707050385,1.37436705061239,3.24986492499519,4.12952097407042,0.292059446695812,0.276360430465725,0.722329465621258,0.737418167843099,36.4039562975409,670.057732699878,5
NA,1,"beeswarms","Blue=Pink","E0_AH.gif","E0_AH.png",0,10,-10,1,0.011154789556354,1.00102214831033,0.299684718031703,0.554450820186475,-0.0491700251437272,0.904371523197023,-0.0108494012624497,0.886615400695679,0.117766458997295,1.03346867992492,0.201547777040804,1.0232424117364,0.0551296662001673,1.02375806481655,-0.0298188159893602,0.883212704629408,0.0136046784929246,1.00573431670201,0.0619583178564167,0.969110743808397,-0.0529878348669168,1.04798071233943,0.0407659287817759,1.01082525285524,0.356582128425531,0.0427906426705164,0.0814701518084506,-0.0888516038012118,0.048961133834829,0.0910610337042261,0.61942368984135,-0.642586459413029,-0.820647133497895,-5.70871798817941,-4.80992829834993,-5.56691876404108,0.797341878721048,0.135315893381222,0.364345595161846,-0.561946883541408,0.437921694040571,1.15184109037886,0.738327190962555,0.340627935955916,0.311325283903938,0.116443460833845,0.179845562042372,0.294032113487631,4
NA,1,"beeswarms","Blue=Pink","E0_S.gif","E0_S.png",0,10,-10,1,0.115770702801402,1.15231753873591,-0.0480319378914889,0.63342834793304,-0.0442655154821977,1.08803946280589,-0.132320076429117,0.723404698342165,-0.0895259410703776,1.07672587119571,-0.0699080123017252,0.820675848800753,0.0553075816736642,0.994055661173559,0.0567961026108717,0.994521792906607,0.111996179587862,1.22705711255065,-0.0107060493803248,1.06189456964703,0.0711864208722222,1.13626117056354,-0.0174110043873291,1.08015980105332,-0.176169192103385,-0.0953085245771999,0.0204929741041523,0.00149707107787985,-0.10693458000897,-0.0799207899967115,-0.977998111480565,-1.47031913511373,-1.55085144387765,-3.54928838975978,-12.2327348342285,-21.7323776514601,-0.393926289084389,-0.301392018094088,0.0916473663160549,0.00946830885052732,-0.956451960181784,-1.01092691515844,0.313339714028671,0.253040287027911,0.248988521370245,0.171820899953335,0.0667924645859563,0.0461532501285495,5
NA,1,"beeswarms","Blue>Pink","E3_AL.gif","E3_AL.png",0.3,10,-10,1,-0.384011810345816,1.14299438398377,0.104045039077866,0.673252200162006,-0.502013741705016,0.995011677370423,0.293868292698766,0.953231578817233,-0.429312446331142,1.12932804994504,0.323759338390533,1.04522032337743,-0.263564482303484,1.09050940813771,0.243220442740492,1.01094271375031,-0.0143942667861581,1.06014580350219,0.265370188623153,0.988689194852761,-0.024069541568181,1.04505918242002,0.287029804439871,0.994086353118099,0.520314003579321,0.816837513975259,0.692106117151036,0.481973441211832,0.272930187298468,0.305031877052547,1.11036361177396,3.99686716492435,6.4918027580906,7.93450854382417,5.8521201420786,14.6477209454633,1.16345748164843,2.58306702243144,3.0951926511863,3.04826769187731,2.4411618076445,3.85838196176999,1.05256337611201,7.67644150829648,25.9337536098372,22.9569437559574,4.16013585011487,237.681901638195,2
NA,1,"beeswarms","Blue>Pink","E3_AN.gif","E3_AN.png",0.3,10,-10,1,-0.328437631802549,0.854017751886164,0.35304817856637,0.833528627838765,-0.193857395976163,1.03389851534224,0.421871551183715,1.01541584291098,-0.000676096986243932,0.915921018720909,0.468137306360383,1.05457552350532,-0.0919719726159837,0.909993861640301,0.384656371186621,0.952726210771887,0.0237067973652252,1.01447478320275,0.413946552407881,0.945898817318261,-0.0106324280463073,1.04400174208767,0.341084130613928,1.00705994786672,0.807605164782823,0.600887710603118,0.474659127393959,0.511620591771051,0.397884577182325,0.342904873254393,1.97178868662398,2.70251203361955,3.88781701083385,8.64315399681351,11.8017503209561,18.2295574967777,1.80586004743431,1.90017378350996,2.12274014998725,3.23577273567944,3.55878784711376,4.33744168102094,2.19878117565912,2.38819124376371,3.12216997560828,38.7126041657561,96.9954517984059,1552.3571516091,4
NA,1,"beeswarms","Blue>Pink","E3_AG.gif","E3_AG.png",0.3,10,-10,1,0.0834250699077903,0.853463993962073,0.780396470812541,0.938355980452911,0.217215123829756,0.808085788823435,0.967467992566518,0.882367955073612,0.281656495640777,0.936857206821676,0.815921815065807,0.923653395558016,0.0556427933405562,0.975126414367051,0.538964012061923,0.922738359558294,0.0478148248965871,0.939826498803917,0.423363942327291,0.904934211156098,0.0350874307412884,0.936839792743546,0.353971491056243,0.926421620753915,0.77707638489238,0.886779165065083,0.574306714451138,0.509137630901698,0.40707931083206,0.342280555407226,1.88024997570661,4.41608283518992,5.08111727127283,8.58380420294702,12.239627386466,18.1704963063604,1.73759562032915,2.80424194318808,2.56837770689461,3.22006911230299,3.64102804501701,4.32954461549719,2.01914745676156,11.8110323853227,7.598425558691,37.0153449890177,127.680683065501,1502.52661379675,2
NA,1,"beeswarms","Blue=Pink","E0_L.gif","E0_L.png",0,10,-10,1,0.158130754445275,1.10645010568346,0.0151866616470022,0.793114716904821,0.457947114233103,0.989962359083627,0.0177360023952382,0.708104498449323,0.226620003268786,1.06385557093941,-0.172770315371348,0.835730417861752,0.201584493507157,1.02165392955414,-0.14447374993781,0.919217412781168,0.124744072106827,1.05547351330805,-0.00708469889519852,1.02329088900561,0.0819370157205182,0.944626701195829,-0.117782952176345,1.04139124341446,-0.148495299796136,-0.511486692017711,-0.41750263493286,-0.356105274522165,-0.126818580608687,-0.200887741241694,-0.895019651817095,-3.96479547545678,-6.79593644021563,-12.0969096920723,-13.1797048629328,-33.1960482567528,-0.33204558468337,-1.61746293964103,-1.86712854499031,-2.25220750857914,-1.13429986820424,-2.54105126532117,0.324383406556352,0.135231010719124,0.0884118902010174,0.0548938501022846,0.0610391488785917,0.0249320669241828,2
NA,1,"beeswarms","Blue=Pink","E0_AM.gif","E0_AM.png",0,10,-10,1,0.0345851659085145,1.19001948725372,-0.0423175314213043,1.14341586986438,0.0873461698612966,1.10495587893866,-0.127840379497434,0.961669467981261,-0.0340144699823878,1.07357440286535,-0.242795323573887,0.976095141311677,0.0608902385774066,1.09537419496618,-0.0166991022574675,1.03850185636028,0.074237625187924,1.05784659330735,0.0212561193023937,0.967134765160829,0.0618636590236459,1.04624686065081,-0.0000542598196821342,0.958886304307616,-0.0659005736035623,-0.207750467558425,-0.20349147724704,-0.0726956921514371,-0.0522754702269539,-0.0617008753712581,-0.647364470708032,-2.14426919528394,-4.23308938049336,-5.32256973154032,-9.62989604597385,-20.0079563740199,-0.147358162333794,-0.656964662449543,-0.910041551932466,-0.459767926561934,-0.467566019932941,-0.780461199197452,0.361820534652848,0.206276176353491,0.132787418110541,0.123994303192118,0.0885941270537757,0.0522878595010824,3
NA,1,"beeswarms","Blue>Pink","E3_T.gif","E3_T.png",0.3,10,-10,1,0.514824190623965,0.577280433635363,-0.116112248560809,1.12396727912981,0.242118165500194,0.74653801673372,0.338000517765571,1.36909200906062,0.220009382963187,0.889916108003447,0.228843633103162,1.18486070583862,0.213342423456217,1.00027225911477,0.214723809835693,1.07235161742947,0.13445023729953,1.03909493051607,0.229754434829895,1.03150339227837,-0.0233457389357967,0.995063027962988,0.218394865513678,0.979790405426261,-0.706168996745079,0.0869552540466176,0.00843109131186757,0.00133217783198755,0.0920541236243725,0.244811459630683,-2.56717055583258,-0.377874653618759,-1.69529313008962,-3.55322946206702,-2.7584574302427,8.95592786848253,-1.57904188032483,0.274976657305885,0.0377049865956875,0.00842543239493156,0.823357112133065,3.09664723897329,0.189318929201613,0.379260931430073,0.238961750271637,0.171683271997491,0.269169961697328,18.575307908765,6
NA,1,"beeswarms","Blue=Pink","E0_T.gif","E0_T.png",0,10,-10,1,-0.228842938366181,0.981964283212766,-0.0431220723033703,0.912530932201261,-0.25601173899628,0.852129300682651,-0.187413899322105,1.01466477009186,-0.148600083535538,0.930944714007402,-0.109807596615426,1.04408922816211,-0.171214935871305,1.06954475054598,-0.126821537940273,0.98706126905495,-0.0851267563744271,1.05445005263502,-0.0853719751851943,0.992708933874459,-0.107066857482065,1.04924837949908,-0.00931320190452259,0.996252469946981,0.195932148556664,0.0732156839281006,0.0392185540809409,0.0431368344298855,-0.000239460993575684,0.0955471257420205,0.137724693477276,-0.460226251086162,-1.32661172166047,-2.55407140726449,-7.15229800825328,-5.14315605993152,0.438117603150289,0.231528321659782,0.175390705808471,0.272821295696018,-0.00214180423837948,1.20858616490916,0.544881575384915,0.3665401725284,0.265915287974309,0.212991183814781,0.1230082953593,0.317969892843534,5
NA,1,"beeswarms","Blue=Pink","E0_F.gif","E0_F.png",0,10,-10,1,0.229814266231028,0.869098890049541,-0.37605421699242,0.694325306316684,0.0935407794218698,0.80252774356642,-0.168719653781488,1.16458112013966,-0.0980846363546863,0.903534142516351,-0.136372174065539,1.02957719485634,-0.136492057460193,1.0000297174801,-0.0747265264862487,1.03992422143376,-0.0619876923030003,0.997475844425008,-0.112956673629592,1.05490810310226,-0.00861777164146788,0.993689714622914,-0.0402086983930437,1.05059908797491,-0.770255315306256,-0.262240768205236,-0.0395284112341276,0.0605442326680552,-0.0496486412656243,-0.0308945515541889,-2.75932964616865,-2.47087123862617,-2.26961126601141,-2.13802577821702,-9.50481739766488,-17.0934667933837,-1.72234324505532,-0.829278122880811,-0.176776429124151,0.382915348836455,-0.444070947441748,-0.390788600802928,0.181181981439736,0.188796494618339,0.20481079580571,0.234842247534221,0.0899369955268763,0.0664078574720433,5
NA,1,"beeswarms","Blue=Pink","E0_G.gif","E0_G.png",0,10,-10,1,-0.791794718571651,0.82437491271362,-0.145935498330987,1.00522125030079,-0.292011240932351,0.937152057319756,-0.368096445679252,0.927035617315983,-0.161964055251426,0.8446884260372,-0.31546768539576,0.989286091876167,0.022780379145099,1.02149862998131,-0.172622611487038,0.960285026147293,0.0268667578657582,1.01296401853059,-0.143326925661819,0.964752001881527,0.00466657906483863,1.01100497613625,-0.054275713288099,0.978005962063283,0.70258895346197,-0.0816270652100068,-0.166882063983368,-0.197105109762318,-0.172060228996036,-0.0592597868191712,1.65690391455171,-1.38831578373626,-3.7946854497037,-8.29619406549486,-15.3345605622441,-19.7769601190734,1.5710366601814,-0.258127444778712,-0.74631927858456,-1.24660217061283,-1.53895347303727,-0.749583600018423,1.65138552139223,0.259973758249756,0.144682670406705,0.0811627332845571,0.0507632103150071,0.0532158037304021,4
NA,1,"beeswarms","Blue>Pink","E3_AC.gif","E3_AC.png",0.3,10,-10,1,-0.0254986176297094,0.696317615912358,0.280770950990093,1.26769286656662,-0.164373801333594,0.654608729425759,0.185071685174239,1.02799689820385,-0.15454091111873,1.00862831249361,-0.0647159365969178,0.969841195204375,-0.0116069295112722,1.00505762222305,0.202790706547528,0.971820368450774,0.0354818989847505,0.968774805570223,0.236631159188146,0.981784716167972,-0.00851064643959112,0.979799876914475,0.30730125670114,1.03384170075383,0.299466349832702,0.405498053496651,0.0907850411173357,0.216874628427778,0.206243166514439,0.313559506358231,0.448165567878188,1.53139270637699,-0.709101005567818,1.59832669026141,2.67740045278458,15.4540519275043,0.669627115199655,1.28229743581422,0.406003046556952,1.37163558506896,1.84469496088438,3.96624888836023,0.659511260755435,1.02706694956753,0.322923355880865,0.734530535690876,1.20516120016014,356.095116872996,6
NA,1,"beeswarms","Blue=Pink","E0_U.gif","E0_U.png",0,10,-10,1,0.226727276060249,1.00091449813453,0.0503984738644647,1.09557795490114,0.120324816316608,0.910401568351875,0.0808664644547734,1.22226393142601,0.21869140505627,0.936535601466895,0.0351048346295664,1.18591881556785,0.0592464570514124,1.00518948117551,0.0527497084036429,1.11860483577213,0.10359389820578,0.963048702641385,0.049152213660434,1.09399543242312,0.053195471059026,0.951980733837026,-0.0231215234845316,1.05182991945366,-0.16804193624442,-0.0366143861365535,-0.171812664647114,-0.00610935310865372,-0.0528250323776653,-0.0760774708652141,-0.953629035684588,-1.11852074093693,-3.85373016486214,-3.73108780324831,-9.6560640086092,-21.368582492986,-0.37575319251321,-0.115784855320402,-0.768369595092644,-0.0386389417071518,-0.472481453240348,-0.962312346236709,0.316512019453641,0.28518105641333,0.14297330638746,0.165648870073447,0.0883173784161556,0.0473409912643323,5
NA,NA,"break",NA,NA,NA,NA,NA,NA,NA,NA,NA,NA,NA,NA,NA,NA,NA,NA,NA,NA,NA,NA,NA,NA,NA,NA,NA,NA,NA,NA,NA,NA,NA,NA,NA,NA,NA,NA,NA,NA,NA,NA,NA,NA,NA,NA,NA,NA,NA,NA,NA,NA,NA,NA,NA,NA,NA,NA
NA,1,"beeswarms","Blue>Pink","E3_K.gif","E3_K.png",0.3,10,-10,2,-0.354264500966653,0.648204338058418,0.0973567313194402,0.718844708467193,-0.104011175506955,0.773005989018548,-0.258702094371324,0.879580920681958,0.0384175196700603,0.879041540813881,0.048318250763671,1.00982211538483,0.118848530089221,0.936105385814063,0.319014903702848,0.969636171494407,0.0469816449876692,0.971450006445773,0.34670793373732,1.01931646918199,0.0086778521649241,0.936562014268742,0.334466151961699,0.984750076530203,0.659843898249789,-0.186822542986998,0.010458229412828,0.21003414365816,0.301029468076442,0.339024442304916,1.52873546373954,-2.01883218395116,-1.67101804034848,1.43483640131267,7.18991070748164,17.862473569565,1.47545581102498,-0.59078475410363,0.0467706237827423,1.32837256072559,2.69248941539811,4.28835768060751,1.47798726781707,0.213782616699701,0.240601908834212,0.690715923815513,7.67717504082753,1268.5829318748,5
NA,1,"beeswarms","Blue>Pink","E3_AA.gif","E3_AA.png",0.3,10,-10,2,0.495168471456205,0.759449160668659,-0.0489646223659679,0.816474212503827,0.232844337123132,0.785672116655864,0.302958652347323,0.897446902256365,-0.0440616200238025,1.03189540160342,0.382011037778776,1.01665138977105,-0.0154336441039598,1.01275768203517,0.346406544304806,0.923186241916799,0.0132600830955119,1.04308886274553,0.319594195892397,0.894344036868267,-0.0528261720323518,1.02982892218347,0.308824698141524,0.984790110768848,-0.690106153307848,0.0831316323683247,0.415964002764119,0.373413207882857,0.315298945996419,0.358936874209803,-2.5190070616171,-0.400792499504991,3.18493475180443,5.33971928399603,7.8692988953953,19.746404334651,-1.54312427048724,0.262885303891684,1.86024757274696,2.36167249059954,2.82011950592811,4.54023223489731,0.19150726031033,0.375653074000273,1.97010262609598,4.30766778319309,10.7031158778542,3657.81434800006,4
NA,1,"beeswarms","Blue>Pink","E3_AM.gif","E3_AM.png",0.3,10,-10,2,0.191851412759472,0.557695055130147,-0.0977917102889048,0.803657183576581,-0.0269645902671848,0.67131544855494,0.236190145923199,1.11883370532942,-0.0941541348243434,0.835343363756888,0.1209371479983,1.04489484538482,0.000727071663128271,0.771496560858714,0.196099984285224,1.034867047955,0.0401443509538414,0.912599478097546,0.25601205278536,0.991790093746824,0.0291782910843982,0.947569987225847,0.266568766871225,1.01442191623382,-0.418742960620695,0.285225654804152,0.227383718386566,0.214053049984368,0.226509650681754,0.241848898235233,-1.70534072600055,0.810509263990828,0.926672554970032,1.53088983629541,3.64218750901646,8.67600875407213,-0.936337725047391,0.901962716294068,1.01689090257806,1.35379035611295,2.02596390593654,3.05917347210245,0.240322991240112,0.670591797508552,0.601939196048623,0.716026271296186,1.70230836238632,16.6152527678574,6
NA,1,"beeswarms","Blue=Pink","E0_Q.gif","E0_Q.png",0,10,-10,2,-0.45769941367378,1.20640725744103,-0.567524509164766,0.833405816523705,-0.322805535293949,0.986988300381049,-0.247173345932706,0.957699646555579,-0.258878451190026,0.922772063975295,-0.227518728273117,0.985517154545012,-0.145288720904941,0.956908920231256,-0.144663377516894,0.852054737071244,-0.0324564703370127,0.94051962675057,-0.0978581788922143,0.9033586619635,0.00614442142607131,0.989557266410355,0.0160289485248884,0.935318121618062,-0.105925128884224,0.0777745479880692,0.0328490929389626,0.000690224499245181,-0.0709248878787039,0.0102662284935201,-0.767375623568702,-0.43290154311446,-1.40288631398768,-3.56857262993301,-10.5179276873885,-13.201433028592,-0.236855788710551,0.245944715632365,0.146905609621457,0.00436536302892788,-0.634371482373331,0.12985866007697,0.342786609099517,0.370686814049394,0.259961464477513,0.171149118423486,0.0799477264823889,0.0979360774269704,5
NA,1,"beeswarms","Blue>Pink","E3_X.gif","E3_X.png",0.3,10,-10,2,-0.141941920544921,1.09160222234612,0.211550668356906,0.918951583518451,0.0931679272158022,1.02646654396584,0.286860929265057,0.79058659629957,0.11675021871631,1.02087026762405,0.330474011260277,0.817820322384686,0.0414859220064486,1.02709160220331,0.297426074205416,0.94107794242074,0.000199207990197324,1.06894568834522,0.341825509702526,0.960330158790826,0.00271966497891311,0.987236703991397,0.339708814724286,0.915497355508221,0.350347669643866,0.211420678617274,0.231069210523213,0.259831367510959,0.336216485617371,0.353964214366641,0.600730051321433,0.368140394353308,0.970806463309869,2.62501305765408,8.86524655850829,19.2758806815104,0.783401205082323,0.668570888889046,1.03337292447423,1.64331785778181,3.00721166798608,4.47733251036272,0.729090549123949,0.532750286678147,0.613653519174333,1.11192902587168,17.8768596414454,2792.8420463965,5
NA,1,"beeswarms","Blue=Pink","E0_B.gif","E0_B.png",0,10,-10,2,-0.105001560421623,0.653000631019653,-0.291348947126611,0.671367597579706,-0.163784810930039,0.765463052200533,-0.125829953806326,1.05027650970599,-0.222112843248352,0.933790786706314,-0.188087024737279,1.10328457353351,-0.0365514575982613,1.04497061923556,-0.0947281473754249,1.01414714909916,0.00807419184797776,1.04175629271506,-0.127156622667885,0.969417601357559,-0.0285565181518835,1.03941695565257,-0.109254211154508,0.969428410553495,-0.281386195686556,0.0413014861010413,0.0332914992713501,-0.0565000930852375,-0.134392579320225,-0.0802936472042028,-1.29348483286457,-0.651512097703639,-1.39758847728226,-4.935475162008,-13.5404304340449,-21.7676723056967,-0.629198661485197,0.130606766829078,0.148884110887247,-0.357337964321761,-1.20204377212623,-1.01564322722917,0.277015394901078,0.339433997310532,0.260368271735977,0.132418014255266,0.0590715630473021,0.0460407656664826,4
NA,1,"beeswarms","Blue=Pink","E0_X.gif","E0_X.png",0,10,-10,2,0.194702625147445,0.849568217621555,0.0550303458681766,0.915129105203445,0.121542598505895,0.963775786837357,0.186032487489461,0.917900039370771,0.0964440645529797,1.01825765357125,-0.0536311763242251,0.956535519728575,-0.00285455725038594,0.991868222662135,-0.0539789202704139,0.944578795883613,0.0156877434684349,0.987457293191071,0.0584579861795338,0.975955819093344,0.0343724678593803,1.03165438274935,-0.00226790535883971,0.971434451303095,-0.158186888716519,0.0685248014812932,-0.151916660694664,-0.0527864948432665,0.0435664900397872,-0.036567351113823,-0.924079283330526,-0.488342245002133,-3.61547251681348,-4.84671593856029,-5.0667510177863,-17.6300471493078,-0.353716636319331,0.216694448891767,-0.679391960456076,-0.33385110680291,0.389670533080127,-0.462544470075103,0.320437241745386,0.362348152968784,0.150095397522598,0.134483157711143,0.171843472457608,0.0633612061625616,4
NA,1,"beeswarms","Blue>Pink","E3_F.gif","E3_F.png",0.3,10,-10,2,-0.24461607223709,0.673970190921877,0.106342124374468,1.19054110435576,0.0678271759997454,0.77826405059482,0.218046487704537,0.971297813996466,0.0701840023185293,0.94423816965943,0.205344385326225,0.998624494513078,-0.0539118699862591,1.01293776839657,0.249580787167372,1.00708708459697,-0.0484443817241045,1.01545789563174,0.247345367143475,0.993336048466113,0.00776280148234986,1.00356465094095,0.258369635115258,0.960195170191799,0.36279483196353,0.170686441185479,0.139080811697519,0.300482822023024,0.294477007348187,0.255169432969387,0.638052096688493,0.123989423053453,-0.130757609947043,3.59660933104133,6.87794590304859,9.93466411999253,0.811233906156067,0.539757919854483,0.621988298643002,1.90042023069552,2.633882424965,3.2276663897477,0.74769702358084,0.473653621152099,0.39480150455506,1.72657271195205,6.62236730379233,27.7148336200336,5
NA,1,"beeswarms","Blue=Pink","E0_AD.gif","E0_AD.png",0,10,-10,2,-0.140011595937254,0.797709897958196,-0.21688107376389,0.653863738545308,-0.275853311493059,0.860639233137251,-0.228993683590016,0.699720632922445,-0.20289172504268,0.938292163237461,-0.102037431185396,0.718197772052285,-0.112896681408816,0.997375858875048,-0.126095282649497,0.801139974911728,-0.0593978794234718,1.05816678328553,-0.133093297022348,0.862605998435749,-0.0477213771845822,0.999762967995551,-0.0384807617907726,0.917078118009414,-0.105395686529713,0.059745714445686,0.120707856868673,-0.0145906208984282,-0.0763405216838595,0.00963254634735196,-0.765788123398317,-0.540961930970272,-0.350774308311633,-3.93379707314301,-10.7758128107878,-13.2613360157503,-0.235671919615696,0.188932538082392,0.539821946753333,-0.0922791890301705,-0.682810383691626,0.121843144499071,0.343027002078658,0.354700656155701,0.36490205003278,0.159171815303452,0.0776989473885769,0.0972826527619593,4
NA,1,"beeswarms","Blue>Pink","E3_AD.gif","E3_AD.png",0.3,10,-10,2,-0.328296273962056,0.863629191099082,0.486077583745799,1.3560412410833,0.135648818530966,1.11946310501277,0.31193091062365,1.13717995903421,-0.0448306267203227,1.01299548817079,0.385735060603788,1.03432526546832,-0.0220261393684157,1.0646890587096,0.372904345761262,1.00579682351719,-0.0229187271832611,1.01292485840254,0.369022353562828,0.967588723957389,0.00227646765045402,0.993436841274574,0.389253810583856,0.986432060609718,0.716363548690796,0.156229101826374,0.420590980740741,0.381331577816677,0.39569375896282,0.390909641139502,1.69820620344362,0.0373356989423518,3.2403433660669,5.52897885017079,11.6974196580139,22.7726814346214,1.6018375914756,0.494039798573714,1.8809400473192,2.41175265929287,3.53919257325313,4.94465930127955,1.71267325699901,0.454990821611654,2.03951658143481,4.80508468300704,90.925016112228,22557.3984070644,4
NA,1,"beeswarms","Blue>Pink","E3_AK.gif","E3_AK.png",0.3,10,-10,2,-0.367715616778064,1.17759375719978,-0.221002124337675,0.940341034777545,0.0975888210961347,1.0129656014815,0.182127184385306,0.960144070754783,0.0756723688567382,0.900416990173562,0.151425505778942,1.00047438719696,0.0106721818434873,0.852472505523547,0.324521936481187,1.01463426207253,0.01460105626517,0.942827929597657,0.298471876682449,0.958330787367873,-0.00630435128416206,0.902822565755611,0.242560857486321,0.964166710266793,0.137682744813516,0.085659796489389,0.0795925660588347,0.334927483858763,0.298619342412454,0.266451428823175,-0.0369325243112769,-0.385639306893437,-0.843131290783124,4.41986674513559,7.07516339068534,11.0008225357563,0.307867976731778,0.270880060812965,0.355948776422394,2.11826739996595,2.67093259612213,3.37037360354989,0.493072045175529,0.378032606817503,0.309063737389157,2.60501493758993,7.26841960705431,43.638711888053,4
NA,1,"beeswarms","Blue>Pink","E3_AH.gif","E3_AH.png",0.3,10,-10,2,0.148075435530923,1.19761636677963,0.843054256839422,0.98766796508885,0.24298189514125,1.191274146537,0.350557025948055,1.10523041318308,-0.0750253050646346,1.06312263602683,0.457999218912777,1.06562500728391,-0.0843571841397753,1.00626461781935,0.364548289535749,1.01079015185279,-0.0735918208267687,0.977759015058569,0.308901954815297,1.0204399682528,-0.0436476020505276,0.982174967736121,0.281107221973135,0.981206318558245,0.633138180096413,0.0936202830601369,0.500786607917259,0.445108730370164,0.382751222199955,0.330811734600622,1.44865999518481,-0.337926112859173,4.20069807316782,7.05335971173612,11.0810866351269,17.0856336187469,1.41574000984608,0.296053329659711,2.23958579504905,2.81511478879096,3.42343100524091,4.18447423219639,1.38130188950124,0.385678879683011,3.89034194732253,12.4659595386462,62.4918021353534,833.473957836364,3
NA,1,"beeswarms","Blue>Pink","E3_J.gif","E3_J.png",0.3,10,-10,2,-0.347703951603121,0.827451909968086,0.832170443352127,0.720508337769176,-0.317159810566738,0.887811082220629,0.632433967193381,0.787333543925207,-0.0253365710477112,0.850149240337409,0.580308832162218,0.935590611130979,-0.00703107538226769,0.854471625728979,0.544303365312659,0.912121012994178,0.0627595724290078,0.962063427392409,0.473256424769983,0.954121113747358,0.0416966394458966,1.01308838976209,0.378869834619993,1.00968660635955,1.52079961614087,1.13171143393202,0.677538044510621,0.623846267243689,0.428448635750691,0.333376395314495,4.11026164829752,5.88416049607261,6.31734451936903,11.3257617180961,13.2573384671958,17.3282144656201,3.40061132184658,3.57878578528036,3.03004224973605,3.9455502285683,3.83216109762237,4.21691490932196,24.19814688968,64.2033902996586,22.055157459524,358.471460756016,247.362223592616,949.29984665413,1
NA,1,"beeswarms","Blue=Pink","E0_AL.gif","E0_AL.png",0,10,-10,2,0.119373209576042,0.695653952648867,0.333235912943947,1.23977888611317,-0.165761685312791,0.917265809114738,0.327229078169262,1.27689708195929,0.00334901162074036,1.01200142492164,0.228341820652813,1.24032401347614,0.15442199945175,0.992208844448768,0.128663653239881,1.13708416716707,0.0847194475701606,1.04334857341248,0.00695214821659644,1.11332315300069,0.0249776217761085,0.994525327763016,0.0260055156273572,1.11115778629081,0.212749420586238,0.44344867674858,0.198768433825272,-0.0241384632022151,-0.0720799527632765,0.000974810201299155,0.188150238912135,1.75885959869961,0.584003514761941,-4.16199890680508,-10.572929989209,-14.0798130046946,0.475722166604521,1.40230784391326,0.888919459628952,-0.152665045870322,-0.64470269677464,0.0123304820898902,0.561384291059623,1.19173562730635,0.520728262474399,0.152351225504135,0.0794589633342318,0.0889941857006296,4
NA,1,"beeswarms","Blue=Pink","E0_AI.gif","E0_AI.png",0,10,-10,2,-0.160019812655122,1.45126297129892,-0.195108350136685,1.17228847162758,-0.00220820850338253,1.38321095312878,-0.0546805023547329,1.28597971700482,0.0430802518441144,1.16327039754045,0.0155668217205987,1.15336548000357,0.0512540385519153,0.999780516944541,0.0826446942246567,1.11768162349089,-0.0164379792453138,0.996731545657352,0.0307212979789397,1.02951704552339,0.0146401180575963,0.958634714215382,0.0444017869139128,1.07782511802546,-0.0265989294656977,-0.0392909470000196,-0.0237527001244587,0.0296034650366826,0.0465422706481343,0.0291788955194659,-0.529520925472821,-1.13456339352012,-2.08069600197192,-2.87752665659328,-4.92508285186959,-11.4137938414992,-0.0594770144140221,-0.124248883945022,-0.106225304254915,0.187228752298154,0.416286723985686,0.369087077798377,0.382339465934355,0.283570986759354,0.215130331930209,0.198071851967674,0.176190112290723,0.12102393228755,5
NA,1,"beeswarms","Blue=Pink","E0_I.gif","E0_I.png",0,10,-10,2,-0.0387017727009579,1.35160603204599,0.546943504144657,1.05308297687966,0.123317475599756,1.10885774219422,0.409716980162617,0.920344101668044,-0.023886732610372,1.0732644628292,0.1567161903935,1.01070239907702,0.0442146451022974,1.08693259779556,-0.00713019726032472,1.12701262017244,0.0149735483841458,1.02510205422836,-0.0230521656683745,1.08726348179651,-0.00436563867170813,0.996957656332975,0.00684046806900433,1.06815853904318,0.483375613877152,0.281067716451213,0.173248047243066,-0.0463755202931294,-0.0359873890096924,0.0108463167377084,0.999606123200314,0.785587601979683,0.278396072455121,-4.6934866078784,-8.85433832078424,-13.1465967651886,1.080860731295,0.888814160728212,0.77478882120918,-0.293304543603297,-0.321880992633604,0.137196260459063,0.967680812995367,0.661551135940929,0.460720073010101,0.138174952845457,0.0974946211129149,0.0985402165077027,4
NA,1,"beeswarms","Blue>Pink","E3_Y.gif","E3_Y.png",0.3,10,-10,2,-0.143784640137347,1.21395570612629,0.363211831238157,0.717137465777131,-0.244090472366689,1.00928155282539,0.26433368909306,0.928204756489983,-0.0140794285630876,1.27529301315973,0.0377029751698601,1.18686805385347,0.0698867148672593,1.10815450823975,0.176168297391453,1.16923232182762,0.159906512821349,1.07928416189865,0.144748738870822,1.02100148230187,0.0474855820322361,1.07615356013095,0.12654933206802,0.999807014384903,0.508527588136436,0.524369733073369,0.0420354644136417,0.0933028847165624,-0.0144284575706708,0.0761193039142048,1.07502276981599,2.24388114445962,-1.29287909349771,-1.35508014559288,-7.82785326417039,-6.9784161104804,1.13710225550709,1.65820269256637,0.187988311789352,0.590099255936902,-0.129052047753966,0.962841497101829,1.02443182776806,1.67633856916274,0.268616150436622,0.286186374913774,0.111727754531507,0.229944860593628,5
NA,1,"beeswarms","Blue=Pink","E0_AB.gif","E0_AB.png",0,10,-10,2,-0.217813030304047,0.673617472961064,0.302432237036605,0.973220937140635,-0.209780590574711,0.81887142553104,0.103059393485077,0.949274023962204,-0.0612040880501816,0.963314981732306,-0.0301119711550475,1.03873129510979,-0.067651590006599,0.973535967693578,0.014936149699489,0.914383909728399,-0.0909123712759053,0.971560838226864,-0.0523680284361345,0.9421403308181,-0.00426178390982682,0.959475499992968,-0.0915764924778134,0.948475652755577,0.621607930992479,0.352903814257435,0.0310383239869817,0.0874478126971287,0.0402777500790324,-0.0915256738959343,1.41408724689795,1.21615560088503,-1.42457035822602,-1.49501862583509,-5.22331892538944,-22.8310043023509,1.38995758905218,1.1159798480145,0.138807604685107,0.553068529045438,0.360255148629856,-1.15771837557188,1.3420651517469,0.84543333764817,0.25830667904709,0.275861939786575,0.16722426446126,0.0428629136019995,5
NA,1,"beeswarms","Blue=Pink","E0_E.gif","E0_E.png",0,10,-10,2,-0.336129270200428,0.789679989697206,0.27130530809965,1.5205678815085,-0.159672741151118,0.842496124663206,0.285609101884684,1.19278421090449,-0.0708429739260008,0.929242846995609,0.000783089504677394,1.13081441647116,0.0901211677587248,0.975489347572293,0.0890030644727205,1.0631398921384,0.0957545414824446,0.95611689045254,-0.032664708662546,1.07000546205524,0.0752429180629682,0.996441398573707,0.00103471094767801,1.02799143639225,0.501368571104223,0.431223095862105,0.0692074226879436,-0.00109590430299443,-0.126563782501559,-0.0733036884247267,1.05355689769151,1.68558240559932,-0.967493770004033,-3.61126246550855,-13.1675697923309,-21.1060409592679,1.12109420677098,1.36364716259338,0.309505003355606,-0.00693110739008339,-1.13202088465194,-0.927226465253827,1.00783381629244,1.13511497583448,0.296993482763637,0.169676642757118,0.0611073439852523,0.0482313992507606,5
NA,1,"beeswarms","Blue>Pink","E3_B.gif","E3_B.png",0.3,10,-10,2,-0.0118681961808946,1.2737565016857,0.375636328288263,1.48742554010682,-0.0616204051111302,1.14445218862905,-0.0114867030958087,1.21573349465926,-0.0647928133525702,1.05640923715401,0.138529944248218,1.09898578991961,0.000384548079074745,1.18491060844447,0.179139320090605,1.06218598371013,0.0753141237809584,1.05963807320154,0.246178005886677,1.05859863585406,0.024170586785601,0.994783518088935,0.198355167368545,0.992443640947679,0.279843548631321,0.0424634838321734,0.188627233880532,0.158861684228195,0.161326504071688,0.17530402505374,0.389327815925232,-0.644547369037796,0.462562315203195,0.211797053819853,0.539183525239869,2.38991557663821,0.625749197804403,0.134281326295403,0.843566634729242,1.00472951018309,1.44294811870677,2.21744000866016,0.635219358140208,0.340365067890979,0.4956268866319,0.452253008283592,0.613721048206597,1.90824557305542,6
NA,NA,"break",NA,NA,NA,NA,NA,NA,NA,NA,NA,NA,NA,NA,NA,NA,NA,NA,NA,NA,NA,NA,NA,NA,NA,NA,NA,NA,NA,NA,NA,NA,NA,NA,NA,NA,NA,NA,NA,NA,NA,NA,NA,NA,NA,NA,NA,NA,NA,NA,NA,NA,NA,NA,NA,NA,NA,NA
NA,1,"beeswarms","Blue=Pink","E0_C.gif","E0_C.png",0,10,-10,3,-0.164347835296189,0.714013477348911,0.0319170289391936,0.83992107514193,-0.120466747183639,0.861389264794335,-0.0791402481059306,0.771949452294695,0.0749076427738423,0.843250300639677,0.076486842441002,0.960282301249753,-0.014757404493581,0.942707715818725,0.124255463299915,1.03527935332779,0.0188407602886817,1.02437344112519,0.0596523315167118,1.01625187191119,0.00741962994563872,1.03907870579663,0.0979265246362089,0.965065919744045,0.251778652956812,0.0505280112996321,0.00174755400319224,0.140406252159967,0.0399987667945295,0.0902581972127208,0.305176968293461,-0.596210575071046,-1.77532886562778,-0.229293606367915,-5.23660058879863,-5.64275693902433,0.56299418329476,0.159783601345562,0.00781529909097948,0.888007109106862,0.357759846274917,1.14168592277144,0.602685744285996,0.346939182752095,0.233677474052153,0.394013235054887,0.166841036946521,0.290006894944663,5
NA,1,"beeswarms","Blue=Pink","E0_AA.gif","E0_AA.png",0,10,-10,3,-0.197654859820775,0.687168083579943,0.115593541963544,0.830016551227775,-0.307505175232257,0.751008762794383,0.243454220695918,0.888624477934102,-0.0124142324798072,0.973462182211711,-0.00891963488225564,0.950824007022303,-0.0437659666092501,0.947156438392274,0.140000705396828,1.08529994755806,-0.0202451736223769,0.962504660071815,0.140295800481933,1.06563817217149,-0.0156480897911714,1.04475511458957,0.0397365538114685,1.03139643969797,0.411115561065697,0.669697334841989,0.00363184625230649,0.180415836036099,0.158108991319225,0.0533520754203053,0.782938813634642,3.1149412014425,-1.7527643582296,0.726948263915504,0.386017954710631,-9.12945078842469,0.919282341150863,2.11776892104513,0.0162421102079703,1.14104993567512,1.41416980977484,0.674856304901,0.826607839151381,3.37183213279095,0.235148396724392,0.536449413038012,0.587416907892682,0.164632316497544,6
NA,1,"beeswarms","Blue>Pink","E3_V.gif","E3_V.png",0.3,10,-10,3,-0.0590719320324179,1.4069285395157,0.550107633163363,1.20834751797376,-0.0746618961674216,1.13175254434069,0.384678764267814,1.04831656591622,0.025342536765998,1.0519670068567,0.313607795606697,0.905580358304157,0.0070218021743022,1.05875267891209,0.252044450537233,0.986144605979831,-0.0161181664066649,1.06131124124237,0.259732627783885,0.998924942160074,-0.0206162785085191,1.05902749298007,0.292305443217746,0.996983465363584,0.464525337329456,0.421091804559344,0.29369671283351,0.239492067087063,0.267662914558646,0.304258435386079,0.943084730636083,1.62485788582014,1.72077370277983,2.13889335955439,5.60135524505976,14.5745926573091,1.03871023153968,1.331609206438,1.31345162932793,1.51468082707393,2.3940498880354,3.84859861255672,0.927895168678659,1.09084683074146,0.870733126227186,0.908059346224673,3.73143118984958,229.24589398778,5
NA,1,"beeswarms","Blue>Pink","E3_O.gif","E3_O.png",0.3,10,-10,3,0.0738356406268467,0.736353769837956,0.610993571646092,0.823771524575597,-0.0647737728914438,0.756141181912873,0.592505826165508,0.701434102402,-0.0909835088323059,0.852382060145174,0.499559243267759,0.88845928851414,-0.0251253396416218,0.911106326054281,0.266925324925636,1.00647709923039,0.121618943638272,0.916568062227664,0.281552584250699,0.994863363716582,0.00325007129013727,0.973976388500472,0.222574847502076,0.96402350909925,0.687530253066747,0.901246244794368,0.67831106927515,0.304226796420918,0.167204153353033,0.226338385478604,1.61175131531814,4.5027955616926,6.32660177949736,3.68609321193398,0.818981686726193,7.21059927245959,1.53736438244488,2.84999086622387,3.03349932157961,1.92409920389293,1.49551941207073,2.86297928015027,1.58750345124863,12.9520033637017,22.2439823874697,1.80237475833551,0.66585541910628,9.46663456719827,2
NA,1,"beeswarms","Blue=Pink","E0_O.gif","E0_O.png",0,10,-10,3,0.150280287296739,0.848523772577295,-0.220129651004671,0.563615560051849,-0.252679831710075,1.12280584342948,-0.088728787885402,0.656096375351643,-0.172075536613274,1.17268908819937,0.242278066056675,0.778646067674267,0.0631562561154651,1.09018720439782,0.228291043367685,0.910778722483264,0.014008624708304,1.03023902231801,0.0723050953194881,0.933313690448803,-0.0622268048077554,1.05295411349414,0.0827836227205354,0.959054318966554,-0.514246231199298,0.17829428535358,0.416284500169165,0.164395599421714,0.0593063545668865,0.14398822792438,-1.99170152575145,0.169588963655739,3.18877274607684,0.344059388163611,-4.31742846992303,-0.56779465331252,-1.1498895301347,0.563816035509311,1.86168088071555,1.03972906296255,0.530452161237053,1.82132302597,0.220199200613233,0.483933676371443,1.97481567622879,0.472035661208939,0.196824805326805,0.857208440036467,5
NA,1,"beeswarms","Blue>Pink","E3_H.gif","E3_H.png",0.3,10,-10,3,0.0212526014391853,0.998845678919781,0.161438986677269,1.33804737634182,-0.141789319957932,0.831598204338301,-0.000294613601820236,1.07608185448016,-0.0729525880253534,0.815756117392276,0.290520275696724,0.964072806033829,-0.0382487513754587,0.885032130745622,0.361853398179013,0.969429073833438,-0.0194261190138472,0.976333603201868,0.330357561876815,0.998015368134625,-0.0253203854898604,1.01995898619883,0.353104548945884,0.976132500429327,0.118732471223498,0.147138767719914,0.407024940472018,0.431056146362563,0.354306757524267,0.379074562260742,-0.0937537421873222,-0.0171495201036797,3.07788845221738,6.71747576299539,9.72661804276527,21.6522755708451,0.265493876792278,0.465293638105387,1.82027087086648,2.72623844384121,3.16901597884719,4.794956079101,0.477841908471139,0.443812084647809,1.84408844220925,9.99140284495649,28.5591778513168,11310.2060683618,4
NA,1,"beeswarms","Blue=Pink","E0_Y.gif","E0_Y.png",0,10,-10,3,0.165552086377779,1.08831073906093,0.258787039422579,1.00097774295018,-0.0297413952868271,1.04191362035645,0.0066428957550499,1.06741381212739,-0.250032986625462,1.04671054531903,-0.111256547506326,0.958410463087218,-0.16966709951832,1.07449287045345,-0.0232949778128473,1.07795506146073,-0.00115084446403573,1.0302609575778,-0.031094323241822,1.05777458220183,-0.0757775152908486,0.978810519157373,0.00658869673205136,1.03673149196717,0.0891725648581651,0.0344959554315658,0.138287984207362,0.136005085359494,-0.0286785153146986,0.0816973524574718,-0.182387284949428,-0.692302775528019,-0.140251743191529,-0.33448289386644,-8.50633558498458,-6.4514603010459,0.199395916750866,0.109085789227405,0.618442666318157,0.86017168620324,-0.256508438949739,1.03339885028466,0.455512674169777,0.334060784764257,0.393438373472901,0.381686011728808,0.101974646193145,0.251393229838341,5
NA,1,"beeswarms","Blue=Pink","E0_AE.gif","E0_AE.png",0,10,-10,3,-0.315627814659642,0.881759700632495,-0.159459145546239,0.923695738499379,0.0634243402368327,0.86715659916394,-0.195905731350361,0.825487496701017,0.163539848953318,0.922472581356326,-0.189785640026206,0.883953934108345,0.0142406435120446,0.919350387954444,0.0690544497161652,0.904400823712502,0.0563167642932105,0.994121057317114,0.0077872078776216,0.969488512508775,-0.0292020342901431,0.961120352833248,-0.0314446971972166,0.925767014208792,0.172949778011074,-0.306327273996129,-0.391098324933451,0.0601090372265643,-0.0494250376285057,-0.00237668597130059,0.0688134833347303,-2.73511552117414,-6.4797340521165,-2.1484271556658,-9.49417036178857,-14.3966778811963,0.38672746032626,-0.968691895258237,-1.749044880875,0.380162931191587,-0.442070975711295,-0.0300629638091178,0.523488838319409,0.176538258561106,0.0922765985933537,0.234255405292565,0.0900528575948665,0.0860792917083933,3
NA,1,"beeswarms","Blue>Pink","E3_P.gif","E3_P.png",0.3,10,-10,3,0.12898292763302,0.605038330872101,0.4108660200049,0.790452403146698,-0.0964320481274194,0.832120722730907,0.150098992115457,0.933953463938338,-0.152202515619709,0.769247500918824,-0.0127156621064473,0.976642136754345,-0.172349693058001,0.852756130568107,0.248791959650673,1.01223120911353,-0.0142102341534601,0.899870809473547,0.273062922909734,1.00451911411315,0.013464829316783,0.938516822504158,0.294623579469405,1.0414812489912,0.400471942951603,0.278722418409453,0.158673248751474,0.44998735439567,0.301241258506238,0.283615790780062,0.75102458269366,0.771530461276828,0.103862415783425,7.16996878487287,7.19999418329721,12.6231141029353,0.895482487521202,0.881397677124319,0.709608340838059,2.8459699163274,2.69438372659014,3.58748751701912,0.808261934550215,0.656527193586214,0.43079272908892,13.4813448018838,7.71432505215264,90.2750647344272,4
NA,1,"beeswarms","Blue=Pink","E0_Z.gif","E0_Z.png",0,10,-10,3,-0.568504588718558,0.988778591478681,-0.124528791752167,1.0450317892179,-0.210056479893426,0.919822508774388,-0.11295975925751,0.843803835294314,0.00251029726821827,1.03424709059294,-0.0269753252655927,1.03624866206468,0.20469208384569,1.12216557073655,-0.0410316881507126,1.01639469931417,0.0644377469237128,1.10339031024325,0.0654723535004856,1.00159798201486,-0.0371077824415813,1.07423245876174,0.0996555729995885,1.01314898423184,0.436428167632821,0.110008162897309,-0.0284816896807114,-0.229522434210832,0.000981857241531489,0.130982131550439,0.858837100815849,-0.239701202828771,-2.13732597698015,-9.07106124666165,-7.09415044336485,-1.79619247529912,0.97588305012266,0.347876355966323,-0.12737398848025,-1.45162733242476,0.00878199814505936,1.65680747393275,0.872614100442591,0.40218704386076,0.211950219635882,0.0740947644957695,0.124062824646387,0.638748568061723,4
NA,1,"beeswarms","Blue=Pink","E0_AC.gif","E0_AC.png",0,10,-10,3,0.175279007819685,1.03851465794077,0.00486090756545843,0.76399027906946,0.275803417386102,0.993011261679096,0.243433960769301,0.855673621056914,0.316679377262419,0.902739845894524,0.16628942278624,0.892058668080003,0.197268240138501,0.901813546486873,-0.0388766947437264,0.948617103159894,0.15506880041572,0.922021753135129,0.0840073135655648,0.972513436134522,0.0672123594313344,0.944052085057855,0.0461724672221948,0.951239403907015,-0.186934681809796,-0.0349226662397534,-0.167581252408471,-0.255150803926551,-0.0749907034041403,-0.0222021161900072,-1.0102777691935,-1.10838098485865,-3.80305833943373,-9.68366351596005,-10.7115359417387,-16.2713521258909,-0.417998655878998,-0.110435167283489,-0.749446144279782,-1.61371537446187,-0.670737241968731,-0.28083702414449,0.309225434287282,0.286206445339914,0.144438105894016,0.0692613705779926,0.0782493702572514,0.0715660482583068,4
NA,1,"beeswarms","Blue=Pink","E0_AG.gif","E0_AG.png",0,10,-10,3,-0.673113082786652,1.05048515575542,-0.0633493101140048,1.11627918631818,-0.370481327615762,1.15124898775373,-0.286185649950279,0.959101954303641,-0.0724919540886927,1.06921293395948,-0.103047486872501,0.960351291780208,0.0314126266365756,1.01635246514474,-0.0305173866854739,0.968929070327236,0.0346195353219942,0.954212332486993,-0.017619572319338,0.999897579244927,0.00822135455767724,1.02637130756793,-0.02178707787578,1.01016624918622,0.562574195893149,0.0795587361125896,-0.0300672158531149,-0.0623713571727345,-0.053451279013499,-0.0294691176853475,1.23707820408191,-0.422207559145326,-2.15631276409003,-5.07580528162546,-9.68588342504712,-16.958644642651,1.25795414440436,0.251586813880073,-0.134464677083449,-0.394471098843442,-0.478082773433967,-0.37275813008499,1.16227942656929,0.372329495805041,0.210900947000961,0.129257728326479,0.0880037549545283,0.0672113640941259,4
NA,1,"beeswarms","Blue=Pink","E0_R.gif","E0_R.png",0,10,-10,3,-0.0132406961679502,0.785914550756536,0.123063216494694,1.16330660941407,0.000376450232751224,0.790534719689985,0.0907093644740342,0.875027892763446,-0.0572235114192196,0.983539919913667,0.0501456316319006,0.883964046436225,-0.0558830816804089,1.00293222785473,0.060826199035806,0.959750739844139,0.00478740723304062,0.992921284695625,0.0441096644237535,0.933088584299471,-0.0264039738571094,1.02883445430971,-0.0356007388714558,0.9522599727936,0.137304946623064,0.108332046266463,0.114823680698227,0.118899532955013,0.0408131828612649,-0.00927760179431948,-0.0380653287100465,-0.249747432447909,-0.42123750313819,-0.743311173853469,-5.19782838765154,-15.0491642768154,0.30702319429615,0.342576009788764,0.513507110935934,0.751986673736186,0.365044205023671,-0.117353411576458,0.492761080601007,0.400449478523411,0.356029762103306,0.338624970412181,0.167963488491578,0.0805324420307519,5
NA,1,"beeswarms","Blue>Pink","E3_M.gif","E3_M.png",0.3,10,-10,3,-0.0841890469491759,0.788793148846052,0.590359653833966,1.02009687522502,-0.141996719302361,1.01281885335573,0.50562101106727,1.02464861242466,-0.0289514838101942,0.846967810255103,0.385091152758789,0.936049361166,-0.166069862657856,0.975280472255419,0.265672097006522,0.955622709770613,-0.168042900689837,0.964315722853892,0.334150550341662,0.970004781346505,-0.146659484402,0.983654270909184,0.338230860553108,0.990254101251897,0.739791453853134,0.635697821567042,0.463850668060391,0.447168549449293,0.519243091234667,0.491297003921876,1.76845335948595,2.91115584161093,3.75838401822549,7.10259355931966,17.582258225482,Inf,1.65422397998901,2.01025301975916,2.07440325038345,2.8281422285068,4.64425139539137,6.21447016003922,1.82359029187099,2.83445825403706,2.85838090456366,12.8837890653584,5791.53700663103,17225236.4099138,4
NA,1,"beeswarms","Blue=Pink","E0_D.gif","E0_D.png",0,10,-10,3,0.0345842109119496,1.10322812374961,-0.291749239615516,1.14947860802617,0.0892400607743006,0.877589006732911,-0.275043742315521,0.992496847135273,0.0571799772235922,0.97078422594731,-0.315104248972403,0.958330769412425,-0.0726715676342094,0.997574716452787,-0.0735883373191602,1.01595304102772,-0.0741358323931977,1.0131646961803,-0.0633532069970126,1.02051682161309,-0.0467911069742227,1.01791582998951,-0.0122543957891754,1.04648600427696,-0.289664596656775,-0.388857082634031,-0.385955705156109,-0.000910572497386621,0.0106039759329261,0.0334560875454783,-1.3183071114298,-3.22978041839088,-6.41814918964401,-3.60683289365304,-6.63604119615736,-11.0095628236569,-0.647709728799606,-1.22967406541184,-1.72604638606585,-0.00575896613289888,0.0948448440711782,0.423189752966814,0.274493360164048,0.157242658229245,0.0930683942172306,0.169828497710185,0.132890872160514,0.127387563506091,3
NA,1,"beeswarms","Blue>Pink","E3_R.gif","E3_R.png",0.3,10,-10,3,-0.535344930464997,0.872302915706866,0.354215642043318,1.17653424505683,-0.527903462723829,1.06661919286442,0.212551313124977,1.17505060367715,-0.351235488031193,0.97929568434593,0.11969329082137,1.07411994179451,-0.151301710813591,0.997038974247159,0.0847330995570959,1.11663024121459,-0.0448994100949698,1.04982645575408,0.117604903695849,1.05940161803512,0.00738061802198316,1.05876482967359,0.191508923575025,1.04794665086348,0.858938710487789,0.659856379915744,0.458190198976694,0.22298466146973,0.154087309338956,0.174799330271048,2.12570925051747,3.05595674359606,3.69059905112117,1.74435899834452,0.194571009169256,2.34224720535418,1.92064534515671,2.08664908912714,2.04908886307209,1.41027882705187,1.37819879260778,2.21105606851412,2.54687379752667,3.20453779134506,2.73097450650741,0.776806461202749,0.556569224208481,1.8817791191555,6
NA,1,"beeswarms","Blue>Pink","E3_Z.gif","E3_Z.png",0.3,10,-10,3,0.143009294840889,0.989966939223697,-0.16663828351799,0.913026137337854,-0.0898783056295787,1.15509611094975,-0.08554794214473,0.805922145231036,0.0120425153608941,1.03249259565391,0.220674555030413,0.857937626241523,0.0166947695907238,0.938227221927794,0.400889375456335,0.953587944685741,0.145567590696221,0.9777835020907,0.402881429135546,0.991094778850209,0.0164351419442691,0.977098714602323,0.350973678375558,1.00160839167363,-0.325166498028373,0.00434805526748707,0.219789432553331,0.406151667242738,0.261375180327802,0.338112572688566,-1.42475739292214,-0.873001888541204,0.835730701736288,6.1222157163291,5.30201068848274,17.776215029463,-0.727094393596994,0.0137497580375518,0.982928223850705,2.5687286879237,2.33781068337692,4.27682334094044,0.264165170583818,0.311807086020041,0.5787574956265,6.85629913037434,3.28531798170466,1210.19105088155,4
NA,1,"beeswarms","Blue>Pink","E3_N.gif","E3_N.png",0.3,10,-10,3,-0.143379669531518,0.941213535041557,0.364489715312248,0.961980192139521,-0.0475122728184423,1.03895072895928,0.0853329381578637,0.978365136835917,-0.15163002840427,0.954828478862042,0.206636646312478,0.938725994806056,-0.0885278581199625,0.902965414744845,0.31235349071363,1.04509025669908,-0.00772328132364198,0.924742031363792,0.327424241581967,1.11799466685939,-0.0419354279002797,0.960072152533797,0.324614467794623,1.07797412651055,0.533670478979257,0.131645561998554,0.37839283350065,0.41047973781957,0.326677168429447,0.359106731075873,1.15041218257731,-0.110011971463152,2.73501601019631,6.22566361744955,8.4110449914214,19.7624770619266,1.19332346858249,0.416299819768338,1.69222419581243,2.5961018097172,2.92188942122157,4.54238077318931,1.08569947213168,0.425686663252517,1.50268674774721,7.30952258482638,14.0939974578112,3691.91254794147,4
NA,1,"beeswarms","Blue>Pink","E3_Q.gif","E3_Q.png",0.3,10,-10,3,-0.103997950415637,1.466072538832,0.0617173823085907,1.03214317719712,0.0584353401125702,1.28793785866559,0.178674200948444,0.999739203763838,-0.0445159185724402,1.21181296459964,0.205117132404516,0.874996642598243,0.0139890534473526,1.08049983549669,0.203889379899962,0.901880355322294,0.0540602145581029,1.00232671217213,0.245688803457533,0.985163756141666,0.0348794159137401,1.00117664463244,0.235011927594201,0.981467683190612,0.130709833393221,0.104294384725792,0.236191806066309,0.190815185287321,0.192827535345442,0.201874457477542,-0.057840365931555,-0.273948179784631,1.03214974411206,0.975496254896785,2.03875673110319,4.89959955488678,0.292276072794914,0.329807802899379,1.05628186818543,1.20682119530997,1.7247019078646,2.55353234815937,0.487381301333199,0.396310556915625,0.6304637546017,0.584795233671096,0.972684735156759,4.19023901286661,6
NA,1,"beeswarms","Blue=Pink","E0_A.gif","E0_A.png",0,10,-10,3,-0.253737466851694,0.928894743904362,-0.502317568804237,1.08157353780982,-0.255095401342518,0.860936328357843,-0.219060149950887,1.11285378932307,0.0940766344007575,1.02547193293261,-0.237437143054738,0.996034986571946,0.126162974396396,0.994315527578716,-0.0964434875369066,0.964090895942727,0.06843266255428,0.960933332215899,-0.0730104750412843,1.0125428534571,0.00309586181217728,0.986119232458559,-0.00341985574461723,1.03241066197318,-0.246575772997889,0.0362199467451097,-0.327952015755309,-0.227307215820269,-0.143295162688908,-0.00645420692885425,-1.1891079143652,-0.681969595327693,-5.72353487027927,-9.01811069692493,-13.9644439616688,-14.7822030577755,-0.551360190027836,0.114537528444549,-1.4666460011739,-1.43761706116702,-1.28167089847716,-0.0816399775408791,0.288123823467977,0.335409162034519,0.103006075435164,0.0745417200312276,0.05689807629612,0.0827313443313585,3
NA,NA,"break",NA,NA,NA,NA,NA,NA,NA,NA,NA,NA,NA,NA,NA,NA,NA,NA,NA,NA,NA,NA,NA,NA,NA,NA,NA,NA,NA,NA,NA,NA,NA,NA,NA,NA,NA,NA,NA,NA,NA,NA,NA,NA,NA,NA,NA,NA,NA,NA,NA,NA,NA,NA,NA,NA,NA,NA
NA,1,"beeswarms","Blue>Pink","E3_S.gif","E3_S.png",0.3,10,-10,4,0.0203066528988602,0.765129549676546,1.05046236860684,1.11667809441041,0.247577339219126,1.03820296811669,0.594815476380875,1.09690372776934,0.134406665561864,1.03319224857755,0.602144668858981,1.1699268375156,0.172384493938277,0.987756119936708,0.348876482322093,1.06978220214416,0.119089189874695,0.947970645410489,0.327758222262577,1.02832112201307,0.0249618559717944,0.981934940086388,0.287461058801933,0.980767551370043,1.07623853817195,0.325142512439336,0.423798920674172,0.17142028741834,0.210997974713189,0.2674874643921,2.77726999297835,1.04976113210645,3.27875883856866,0.511951692917759,2.90375188970949,11.0987349313965,2.40654253135749,1.02819090345793,1.89528639083698,1.08415709080532,1.88722325829389,3.38347853208889,4.98182779858279,0.76687475108265,2.08941927852902,0.498901646855508,1.30379360398948,45.539576332359,6
NA,1,"beeswarms","Blue>Pink","E3_AI.gif","E3_AI.png",0.3,10,-10,4,-0.370787216530353,1.19901939766349,0.21749072323252,1.04127414472259,-0.0860858758251241,1.10747761292254,0.205809807771241,1.23973406039178,0.0656032107101999,1.07922503766135,0.327065931353773,1.2303623351576,0.0138491196093859,1.049923721182,0.233805540547344,1.12520159597941,0.0562691810207432,0.956764981891927,0.170285409733109,1.08154907077271,0.0867784527727322,0.983449918291876,0.239740720547307,1.04053987525585,0.523882250942121,0.2483230792271,0.225931859293354,0.202126112945833,0.111664021864628,0.151089155719711,1.12106278217774,0.589324294375452,0.909286487901021,1.24583147991105,-1.82493975982423,0.102867581064163,1.17143632531219,0.785266525944082,1.01039799132571,1.27835778301055,0.998753374121327,1.91114344730457,1.06128274694856,0.596019481061981,0.597409228198878,0.644267686757928,0.331868114976549,1.01590432277435,6
NA,1,"beeswarms","Blue=Pink","E0_K.gif","E0_K.png",0,10,-10,4,0.0706807051322909,1.11411651805911,0.223151098564378,0.800435594461048,-0.183091687718979,1.2105188429875,0.158732972255085,1.07906119022461,-0.00615997173993187,1.08555256313579,0.17439194561182,1.09631959930001,-0.0303315840563649,1.01848997649087,-0.0334739067025959,1.05372788950348,-0.0392973610968283,1.05987259962501,-0.0113526157573537,0.985988247008901,-0.0534306690053777,1.01226424758903,-0.0674887007848284,1.0399017431828,0.157179593147248,0.29810063210858,0.165499814429753,-0.003032372674181,0.0273005273681978,-0.0136994347855377,0.0215275639277485,0.887678720429618,0.185610747045645,-3.65754555239872,-5.84113621038866,-15.4672836608133,0.351464254953007,0.942676969399036,0.740137670657056,-0.0191784087297352,0.244183340067535,-0.173285666316958,0.509540926063228,0.699710337949752,0.444451378741075,0.168102712438688,0.150712577941631,0.0772709988319575,5
NA,1,"beeswarms","Blue=Pink","E0_H.gif","E0_H.png",0,10,-10,4,0.253240622527624,1.09365573763169,0.889444722486726,0.736757271611545,0.153092553113876,0.919731702644681,0.50901309221,0.911197157043572,0.322500786624276,0.878921722003861,0.205347769900911,1.2270809634325,0.0257711902605144,1.06587912002728,0.11758475609487,1.05933003614947,-0.00237470389097268,1.11673666707738,0.101378039059906,1.04818824721395,0.021947739260777,1.12087250055426,0.0425956173952107,0.981802476869397,0.682299241063872,0.388782634095129,-0.109766442121221,0.0864038531197693,0.0958008033473864,0.0195968131086395,1.59606644357349,1.43120452842125,-3.11071824444886,-1.5199696711754,-2.58009803025173,-12.3194506648814,1.52566748401533,1.22943863846044,-0.490890452462691,0.546465948946233,0.856868434335382,0.247882257215783,1.56604357939114,0.964092523593046,0.167381703390193,0.27407866892167,0.279782342390877,0.108397184729389,6
NA,1,"beeswarms","Blue>Pink","E3_G.gif","E3_G.png",0.3,10,-10,4,-0.35515278785582,0.882434991180507,0.222245046892709,0.738070092791194,-0.241283148566224,0.919216755849536,-0.00379839689462323,0.978571002568732,0.0752655967540226,1.00784111171169,-0.0173545605237365,0.991970513657623,0.145792482395401,0.945679702772796,0.137953154970067,1.02529239492847,0.128629597240474,0.914395385880527,0.233191764567386,1.03599644590166,0.0632668738969203,0.946711324389484,0.33244873729069,0.98713954539816,0.709803584978776,0.250153039653333,-0.0926259649591133,-0.00794830132177577,0.107013915788281,0.278328660151384,1.67853654973468,0.600292626921371,-2.90545916973206,-3.77504013853808,-2.04630433184357,12.1233671420526,1.58716906668559,0.79105336891895,-0.414235908260181,-0.0502694714122767,0.957161560964137,3.52061001672527,1.68313644654697,0.599432761252946,0.175404009399367,0.164209328760171,0.315290054116453,71.8295056025846,6
NA,1,"beeswarms","Blue>Pink","E3_I.gif","E3_I.png",0.3,10,-10,4,0.0424912381085615,1.04570436988157,-0.0590471674090025,0.935031672035479,0.0892916651760188,0.76661694520199,0.0696565744886497,1.02825091368114,-0.142017847336094,1.00716718063989,0.197347541200511,1.10996964021952,-0.0646593422118782,0.93433194876587,0.245165008426455,1.02766303348497,-0.000131365324323939,0.979152424261515,0.184571600960828,1.08604869168134,0.0347870986973021,0.972728163236166,0.25654611073805,1.02804083066233,-0.102366265819217,-0.0216503420704869,0.320211723129403,0.31546910502511,0.178632517230628,0.221589116708802,-0.756704592687133,-1.02882991663454,2.03829256538131,3.95479359180874,1.36301585249169,6.76192924815104,-0.228897928974582,-0.0684643930645045,1.43203036021937,1.99520180658843,1.59773780607834,2.80290525401875,0.344408182312425,0.294464636777109,1.02335470630986,2.05578250202423,0.784697133129378,8.02573985520476,4
NA,1,"beeswarms","Blue>Pink","E3_L.gif","E3_L.png",0.3,10,-10,4,0.199260092196595,0.678302168378385,0.0313116966949056,1.14029634211352,0.41290440769218,1.01791588944188,0.00150585418527648,0.873419754119339,0.141165362058883,0.994965305167387,0.154719200603494,0.929873499641014,0.093765945001458,0.956176311110695,0.24749170719087,0.981681469875429,0.0873918679738454,0.964703575623595,0.228779425892088,1.0169668404036,0.0315193411003744,1.014293300637,0.256585917116294,0.988078549229173,-0.17901479663601,-0.433770873606897,0.0140750438418548,0.158641620456139,0.142645730735165,0.224780717622391,-0.986530481341414,-3.49898369715333,-1.62770649307381,0.206537459896501,-0.350090386925605,7.06344260461023,-0.400289254256419,-1.37170394323881,0.0629455096333541,1.00333770468272,1.27586220249584,2.84327616709561,0.312242567009912,0.148383092858624,0.243572738712316,0.45149015988842,0.479698014489962,8.9642972063819,6
NA,1,"beeswarms","Blue>Pink","E3_D.gif","E3_D.png",0.3,10,-10,4,0.0459056882106074,1.70466998774131,0.413472677342003,0.747914813865845,0.184377398236881,1.33848778411446,0.189912346597921,1.04566640217797,0.132064585430697,1.28030017806573,0.207688941630397,1.07806586540961,0.00741151650841361,1.11980106954362,0.338399975602898,1.09853977977102,0.0486687483959117,1.02560673400214,0.256034219968187,1.05402361044691,0.0249318879621537,1.00549564407163,0.336112604706394,0.998682211376634,0.279243171773297,0.00460848404427715,0.063898335917114,0.298397117896853,0.199406702890052,0.310530243308382,0.387527623173445,-0.871440942299762,-1.03107029030806,3.54675942694231,2.35195368912291,15.1676088969493,0.624406714337742,0.0145733061404601,0.285762045519567,1.8872290795677,1.78354777132504,3.92793140488299,0.634496758837175,0.311989081637716,0.291098080255926,1.68604207065514,1.07896818166054,308.083088774507,6
NA,1,"beeswarms","Blue>Pink","E3_AJ.gif","E3_AJ.png",0.3,10,-10,4,-0.312664485895045,0.589446170697164,-0.17902900818609,0.734394036097254,0.0574486544425904,0.69160770304279,-0.0629267365634113,0.664004394136788,0.0185407742788281,0.765209635819826,0.318822290121462,0.969750599051427,0.026135282965202,0.971100615544491,0.296737686562899,1.05844187497454,-0.0325538716606359,0.986139017958937,0.319781977269858,0.991815590550755,-0.0321414236030042,1.06505573631892,0.280056886638101,1.01922794531673,0.200691271035132,-0.177558822209124,0.343772978057194,0.266416863522998,0.356261358502744,0.299501335146503,0.151994626561297,-1.96330764834601,2.32044027559185,2.78241015302528,9.81968900169956,14.1248289964613,0.448759324525389,-0.56149029683772,1.53739949552686,1.68496819162181,3.18649846147423,3.78842552529755,0.549476807747826,0.217261617811916,1.18961639588267,1.19023320812301,30.0833740427936,183.912603784706,5
NA,1,"beeswarms","Blue=Pink","E0_AK.gif","E0_AK.png",0,10,-10,4,-0.471431602191582,0.607804266702109,-0.636590355582727,0.80407119159901,-0.263344024114164,0.80857386874077,-0.372768408984877,0.889450441761051,-0.177502772999139,0.923295094969044,-0.365857248718523,0.994109972450942,0.00489657335921586,1.04453594161426,-0.181727578975319,1.01125241747355,-0.0234518323418212,1.05035467815633,-0.114821774513892,0.994216516104619,-0.0382890035659602,1.05817466727233,-0.0328194056242289,1.02884418992366,-0.231728278735595,-0.128738410837749,-0.196334254446588,-0.18153590301553,-0.0893444259965324,0.00524102392000215,-1.14458861444348,-1.67068980163105,-4.14738033586007,-7.92405030731836,-11.3950569198671,-13.6764865376012,-0.518160183561809,-0.407106600597793,-0.878033478508624,-1.14813386124901,-0.799120839755784,0.0662942914345237,0.293122023039993,0.23735430886547,0.134974394389987,0.085004621229687,0.0727156156552352,0.0929346545378155,3
NA,1,"beeswarms","Blue>Pink","E3_E.gif","E3_E.png",0.3,10,-10,4,-0.0519904985331131,1.1943053176784,-0.116664942592043,0.897483616067873,0.209110106835474,1.17583006635923,0.415938055126084,0.917582111645595,0.376019080496604,1.08566457128826,0.409282158688074,0.925567846677751,0.22320886026368,0.977423068941386,0.259695423595712,0.903385104984661,0.10460281828401,0.989405842959341,0.231574733725051,0.908171646561689,0.00240616941031096,1.02955421652727,0.31123971415181,0.964532926030746,-0.0612231929974585,0.196112270736732,0.0329730095136579,0.0387687876309992,0.133702816867901,0.309584761913837,-0.633339634562428,0.276385572326789,-1.40140240715293,-2.65847012882388,-0.775806480081398,15.0782078856624,-0.136899221341906,0.62016145263566,0.147459781390573,0.245195342074642,1.19587434919933,3.91597190611469,0.36416353982676,0.509335597838946,0.260075310010933,0.207992724440339,0.429159257966514,294.547939393859,6
NA,1,"beeswarms","Blue>Pink","E3_AE.gif","E3_AE.png",0.3,10,-10,4,-0.116535423900257,1.39014411946858,0.338842903485373,0.853185867620528,0.119985477015363,1.18689479948556,0.209426444585642,1.02500319231749,0.163015965623686,1.00500307140819,0.280380826049254,0.992827416180762,0.0871010818325039,1.02288389244082,0.256340296727354,0.89200546496213,0.0951833771687381,1.04464316531179,0.1900625019839,0.954842228823886,-0.00636332529967702,1.02194384493987,0.247907906944606,1.00554861868845,0.394831413457069,0.0806568478724955,0.117490129039356,0.176349928750735,0.0948079738400124,0.250815155883171,0.734111803807202,-0.4156257478642,-0.389306699990086,0.629771732016946,-2.62736129077253,9.52321242896296,0.882869880142332,0.255059348166792,0.525431830434444,1.11533488012147,0.847988297261158,3.172588657124,0.798768392406597,0.37334612402656,0.360010294637049,0.519017945452998,0.276913447488349,23.3784827809802,6
NA,1,"beeswarms","Blue=Pink","E0_W.gif","E0_W.png",0,10,-10,4,0.0727655012363489,0.729165549396551,-0.168613875064115,0.749945823530408,0.142049099543518,0.924528208536941,-0.157198284555399,0.747045953390145,0.0940733581008295,0.779729784028029,-0.111845473350885,0.962066548801684,0.0375859664671307,0.882116315584741,-0.0718321693998506,1.14066024183042,0.0540599963138277,0.976740432148397,-0.0803105474614163,1.05118443907774,0.0047276572528624,1.00631406020113,-0.0906945904032189,1.02403309980349,-0.326352109303404,-0.356041315063592,-0.235159219733699,-0.107313046143173,-0.132431037563661,-0.0939924126837343,-1.4283123759676,-3.03309010989271,-4.61231690362428,-6.14997453588521,-13.4470075451735,-23.0645580541661,-0.729745501002853,-1.12590149672257,-1.05166400172072,-0.67870729692635,-1.1844992092927,-1.1889204274204,0.263833384139599,0.164405380504593,0.123827649419879,0.108718465869907,0.059570299235,0.0422159520795419,3
NA,1,"beeswarms","Blue=Pink","E0_AJ.gif","E0_AJ.png",0,10,-10,4,0.0136432721189795,1.27027076968212,0.05607465073676,0.749222619981657,-0.0605910326052854,0.977151274586396,0.189183579412616,0.81100048133203,-0.0931840462705249,0.929044359340778,0.254220607844718,0.821821382606587,-0.060222129684677,0.892855189310086,0.244954944378721,0.89206404154375,0.00932129583154125,0.949298810801798,0.13107712634387,0.927177722066984,-0.0694860898827116,0.973004386612298,0.0507114813300216,1.00229132725276,0.040689303973388,0.278168008745862,0.396095520721082,0.341950536259954,0.129761677215012,0.121687462923023,-0.327761331822446,0.768207465874387,2.94700746196372,4.58772481553676,-0.96341967270964,-2.67407047180574,0.0909840496416479,0.879644479830561,1.77139301983103,2.1626850833949,1.16062372450861,1.53923818209617,0.422309867185458,0.655347427431006,1.70332991649839,2.84557233039246,0.409148456198139,0.524407495824478,4
NA,1,"beeswarms","Blue=Pink","E0_P.gif","E0_P.png",0,10,-10,4,-0.342088085477804,0.75637201398379,0.00867917177021087,0.956547863897367,-0.0639087829170622,0.769809838326375,-0.0494209268796862,0.964293189594347,-0.012859325416801,1.00529800410786,-0.184279899206121,0.895990919224827,0.0186452158879686,1.06764664345819,0.07617673591328,0.948320424704486,0.0576601959886612,0.981823957657398,0.104576053890457,0.952835113061935,0.0566029843529811,0.949974737728391,0.102863170135126,0.960391279272582,0.406786491143731,0.0166052323042293,-0.180023120789877,0.0569761317001428,0.048494944406326,0.048429984304596,0.769958365056745,-0.799535375970716,-3.9520517060719,-2.22330510357527,-4.83212209891606,-9.59454071874454,0.909602246525998,0.0525103551575706,-0.805087871215642,0.360348696876346,0.433751969030472,0.612596229794917,0.819077021782256,0.32056103333473,0.140204116969009,0.230095217218633,0.179132292215859,0.154063594496364,3
NA,1,"beeswarms","Blue>Pink","E3_AF.gif","E3_AF.png",0.3,10,-10,4,-0.365509072953602,1.22793362146307,0.262477952606341,0.773911664012062,-0.311917995313282,1.13158152077859,0.320112512209239,0.708296164230738,-0.131249823857042,0.942150058525911,0.328355457794373,0.801778492927436,-0.251933266136594,0.986704268133184,0.359202480068982,0.901560585548509,-0.163483441342217,1.00466944368158,0.366306846210084,1.02652479546134,-0.116155408193294,1.05403980370671,0.292254498934503,0.991518933417932,0.611868523109761,0.66954484400276,0.525392637228648,0.646641716299597,0.521623793450206,0.399127408113261,1.38488422720082,3.11402720578557,4.49536003523822,11.8706824297838,17.6956821556513,23.5507558917801,1.36817961096583,2.11728670267085,2.34962730344229,4.08972130717431,4.66554504334388,5.04860674494988,1.31003416572884,3.36916095560428,4.82703419790908,590.061006543105,6336.91011102421,36857.6519796419,3
NA,1,"beeswarms","Blue=Pink","E0_V.gif","E0_V.png",0,10,-10,4,-0.0476365396965812,0.987797217667399,0.255318451671917,1.3623295065075,-0.369181852341477,1.08227044614338,0.214385927401855,1.22365793137564,0.00419007105451145,1.17380524372145,0.285918473822894,1.17546292731525,0.0630896492380651,1.05291231612117,0.0716343119478986,1.09916818200019,0.0230064396320735,1.02205604075351,0.0537469964905146,0.997085969961299,-0.00156114995738495,1.01050549546404,-0.032127999722711,1.00880445055581,0.254607174733378,0.505196871411529,0.239843484967876,0.00793900571943003,0.0304467999944259,-0.0302745390623791,0.313658115229051,2.12896354495726,1.07587874435684,-3.39532144034272,-5.6913479294618,-17.0348236525588,0.569318950262999,1.59757278045164,1.07261267269724,0.0502106808610052,0.272324457939506,-0.382945994195426,0.605852379985063,1.54147677459955,0.64283573660166,0.177336653992392,0.154480708266719,0.066755409835827,5
NA,1,"beeswarms","Blue>Pink","E3_AB.gif","E3_AB.png",0.3,10,-10,4,0.157984563827005,0.829793969539339,0.59756927714271,0.812149267767007,-0.0325824839126897,0.869254746028265,0.559430319519883,1.01155258855768,-0.225457964250612,0.848121007035582,0.374632832666452,1.00435979687524,-0.141173667101903,0.980262102081095,0.581535523944688,0.985029094294842,-0.148314016885534,1.02089615032878,0.389134314067168,0.967738451320703,-0.0827948751769696,1.04515578262066,0.258621371713123,0.936707402224028,0.535413555814337,0.627736460587891,0.645585969000089,0.735470719415305,0.54032693691322,0.344026004541618,1.15563869141335,2.86343726508564,5.93470714581239,13.9942148420321,18.5867927947674,18.3356192287419,1.19722110687573,1.98507698579026,2.88714822400854,4.65152525142997,4.8328310440488,4.35162299471578,1.09012553507454,2.72398777768736,15.6145090708746,4736.60784986422,13014.6177724915,1646.25926927451,3
NA,1,"beeswarms","Blue>Pink","E3_C.gif","E3_C.png",0.3,10,-10,4,-0.238026230401471,0.80614854246632,-0.585448175698317,0.925590286567681,-0.486284226950177,0.966682197505263,-0.189244436062902,0.833592641360817,-0.324687328409778,1.05645017368578,0.0809908610065945,0.949048434848344,-0.214930237779813,1.02102789742378,0.159000826627644,0.982061328330401,-0.179478321305775,0.981725570766563,0.274224845490345,0.999627163780428,-0.103434485935959,0.969474095174291,0.31943510881597,0.992737834135296,-0.400289588544789,0.32909575538447,0.403987013686585,0.373283752519892,0.457954448695254,0.430982884080878,-1.65000940831615,1.07345590428595,3.04150894104872,5.33662513333473,14.662666847493,26.5682652960242,-0.895074730671569,1.04069215530855,1.80668484926068,2.36085374299496,4.09606911152411,5.45155018497559,0.24467121078475,0.777432606625473,1.80355386248341,4.30004991219582,648.842837536863,270356.596470136,4
NA,1,"beeswarms","Blue>Pink","E3_A.gif","E3_A.png",0.3,10,-10,4,-0.112725483529219,1.55345248982483,0.140333383250301,1.09312735016228,0.388256598466251,1.34366220239402,-0.0749858236391503,0.866125657946949,0.225633032990361,1.12417457459045,0.182509138325538,0.910765352403452,0.00752895890760879,1.04581803647041,0.122038188319711,0.977621543639917,0.0790167893015455,0.9656685459005,0.242225868652732,1.02252692608834,0.070236036168791,1.0322773523828,0.260145104087767,1.00290258857582,0.188406006253568,-0.409804507957506,-0.042152290585388,0.113118523379674,0.164111006915041,0.186606880015523,0.115158023374684,-3.35533460734693,-2.30103241920447,-0.881479259123754,0.671736271631151,3.45748636255012,0.421288637352229,-1.29591564055032,-0.188510774312504,0.715424358869558,1.46785346927188,2.36041107162724,0.537732221453712,0.152982909057435,0.203172238589722,0.325636040805156,0.637733981700855,2.6337641647322,6
NA,NA,"end","Blue=Pink",NA,NA,NA,NA,NA,NA,NA,NA,NA,NA,NA,NA,NA,NA,NA,NA,NA,NA,NA,NA,NA,NA,NA,NA,NA,NA,NA,NA,NA,NA,NA,NA,NA,NA,NA,NA,NA,NA,NA,NA,NA,NA,NA,NA,NA,NA,NA,NA,NA,NA,NA,NA,NA,NA,NA
