﻿Event Index,UTC Timestamp,UTC Date,Local Timestamp,Local Timezone,Local Date,Experiment ID,Experiment Version,Tree Node Key,Repeat Key,Schedule ID,Participant Public ID,Participant Private ID,Participant Starting Group,Participant Status,Participant Completion Code,Participant External Session ID,Participant Device Type,Participant Device,Participant OS,Participant Browser,Participant Monitor Size,Participant Viewport Size,Checkpoint,Task Name,Task Version,Randomise questionnaire elements?,Question Key,Response
1,1622573586882,01/06/2021 18:53:06,1622573586822,1,01/06/2021 19:53:06,53470,3,questionnaire-uqlw,,13184438,5f0232204e80ca0cc7d9d20c,3968653,,complete,,60b681f8aa8800ece3235540,computer,Desktop or Laptop,Windows 10,Chrome 91.0.4472.77,1920x1080,1920x937,,demog,7,No,BEGIN QUESTIONNAIRE,
2,1622573605212,01/06/2021 18:53:25,1622573605217,1,01/06/2021 19:53:25,53470,3,questionnaire-uqlw,,13184438,5f0232204e80ca0cc7d9d20c,3968653,,complete,,60b681f8aa8800ece3235540,computer,Desktop or Laptop,Windows 10,Chrome 91.0.4472.77,1920x1080,1920x937,,demog,7,No,Sex,Male
3,1622573605382,01/06/2021 18:53:25,1622573605218,1,01/06/2021 19:53:25,53470,3,questionnaire-uqlw,,13184438,5f0232204e80ca0cc7d9d20c,3968653,,complete,,60b681f8aa8800ece3235540,computer,Desktop or Laptop,Windows 10,Chrome 91.0.4472.77,1920x1080,1920x937,,demog,7,No,Sex-quantised,2
4,1622573605382,01/06/2021 18:53:25,1622573605218,1,01/06/2021 19:53:25,53470,3,questionnaire-uqlw,,13184438,5f0232204e80ca0cc7d9d20c,3968653,,complete,,60b681f8aa8800ece3235540,computer,Desktop or Laptop,Windows 10,Chrome 91.0.4472.77,1920x1080,1920x937,,demog,7,No,Age,18-24
5,1622573605382,01/06/2021 18:53:25,1622573605218,1,01/06/2021 19:53:25,53470,3,questionnaire-uqlw,,13184438,5f0232204e80ca0cc7d9d20c,3968653,,complete,,60b681f8aa8800ece3235540,computer,Desktop or Laptop,Windows 10,Chrome 91.0.4472.77,1920x1080,1920x937,,demog,7,No,Age-quantised,1
6,1622573605382,01/06/2021 18:53:25,1622573605218,1,01/06/2021 19:53:25,53470,3,questionnaire-uqlw,,13184438,5f0232204e80ca0cc7d9d20c,3968653,,complete,,60b681f8aa8800ece3235540,computer,Desktop or Laptop,Windows 10,Chrome 91.0.4472.77,1920x1080,1920x937,,demog,7,No,field,Biomedical Science
7,1622573605382,01/06/2021 18:53:25,1622573605218,1,01/06/2021 19:53:25,53470,3,questionnaire-uqlw,,13184438,5f0232204e80ca0cc7d9d20c,3968653,,complete,,60b681f8aa8800ece3235540,computer,Desktop or Laptop,Windows 10,Chrome 91.0.4472.77,1920x1080,1920x937,,demog,7,No,Ed_level,undergraduate/Bachelors
8,1622573605382,01/06/2021 18:53:25,1622573605218,1,01/06/2021 19:53:25,53470,3,questionnaire-uqlw,,13184438,5f0232204e80ca0cc7d9d20c,3968653,,complete,,60b681f8aa8800ece3235540,computer,Desktop or Laptop,Windows 10,Chrome 91.0.4472.77,1920x1080,1920x937,,demog,7,No,Ed_level-quantised,2
9,1622573605382,01/06/2021 18:53:25,1622573605219,1,01/06/2021 19:53:25,53470,3,questionnaire-uqlw,,13184438,5f0232204e80ca0cc7d9d20c,3968653,,complete,,60b681f8aa8800ece3235540,computer,Desktop or Laptop,Windows 10,Chrome 91.0.4472.77,1920x1080,1920x937,,demog,7,No,END QUESTIONNAIRE,18397
1,1622575330675,01/06/2021 19:22:10,1622575340310,1,01/06/2021 20:22:20,53470,3,questionnaire-uqlw,,13185146,5fc8de2b9481262c0fa5c5eb,3968816,,complete,,60b688d09161b1a96595126a,computer,Desktop or Laptop,Windows 10,Chrome 90.0.4430.212,1504x1003,1504x870,,demog,7,No,BEGIN QUESTIONNAIRE,
2,1622575364340,01/06/2021 19:22:44,1622575361654,1,01/06/2021 20:22:41,53470,3,questionnaire-uqlw,,13185146,5fc8de2b9481262c0fa5c5eb,3968816,,complete,,60b688d09161b1a96595126a,computer,Desktop or Laptop,Windows 10,Chrome 90.0.4430.212,1504x1003,1504x870,,demog,7,No,Sex,Female
3,1622575367421,01/06/2021 19:22:47,1622575361655,1,01/06/2021 20:22:41,53470,3,questionnaire-uqlw,,13185146,5fc8de2b9481262c0fa5c5eb,3968816,,complete,,60b688d09161b1a96595126a,computer,Desktop or Laptop,Windows 10,Chrome 90.0.4430.212,1504x1003,1504x870,,demog,7,No,Sex-quantised,1
4,1622575367421,01/06/2021 19:22:47,1622575361655,1,01/06/2021 20:22:41,53470,3,questionnaire-uqlw,,13185146,5fc8de2b9481262c0fa5c5eb,3968816,,complete,,60b688d09161b1a96595126a,computer,Desktop or Laptop,Windows 10,Chrome 90.0.4430.212,1504x1003,1504x870,,demog,7,No,Age,18-24
5,1622575367421,01/06/2021 19:22:47,1622575361655,1,01/06/2021 20:22:41,53470,3,questionnaire-uqlw,,13185146,5fc8de2b9481262c0fa5c5eb,3968816,,complete,,60b688d09161b1a96595126a,computer,Desktop or Laptop,Windows 10,Chrome 90.0.4430.212,1504x1003,1504x870,,demog,7,No,Age-quantised,1
6,1622575367421,01/06/2021 19:22:47,1622575361655,1,01/06/2021 20:22:41,53470,3,questionnaire-uqlw,,13185146,5fc8de2b9481262c0fa5c5eb,3968816,,complete,,60b688d09161b1a96595126a,computer,Desktop or Laptop,Windows 10,Chrome 90.0.4430.212,1504x1003,1504x870,,demog,7,No,field,"Public Health, Social Science"
7,1622575367421,01/06/2021 19:22:47,1622575361655,1,01/06/2021 20:22:41,53470,3,questionnaire-uqlw,,13185146,5fc8de2b9481262c0fa5c5eb,3968816,,complete,,60b688d09161b1a96595126a,computer,Desktop or Laptop,Windows 10,Chrome 90.0.4430.212,1504x1003,1504x870,,demog,7,No,Ed_level,undergraduate/Bachelors
8,1622575367421,01/06/2021 19:22:47,1622575361655,1,01/06/2021 20:22:41,53470,3,questionnaire-uqlw,,13185146,5fc8de2b9481262c0fa5c5eb,3968816,,complete,,60b688d09161b1a96595126a,computer,Desktop or Laptop,Windows 10,Chrome 90.0.4430.212,1504x1003,1504x870,,demog,7,No,Ed_level-quantised,2
9,1622575367421,01/06/2021 19:22:47,1622575361655,1,01/06/2021 20:22:41,53470,3,questionnaire-uqlw,,13185146,5fc8de2b9481262c0fa5c5eb,3968816,,complete,,60b688d09161b1a96595126a,computer,Desktop or Laptop,Windows 10,Chrome 90.0.4430.212,1504x1003,1504x870,,demog,7,No,END QUESTIONNAIRE,21345
1,1622576972720,01/06/2021 19:49:32,1622576971715,1,01/06/2021 20:49:31,53470,3,questionnaire-uqlw,,13185836,5e1ddf335a970014f8bbc91a,3968999,,complete,,60b68f1201ea5b2ccbdcb902,computer,Desktop or Laptop,Windows 10,Chrome 91.0.4472.77,2560x1080,1278x931,,demog,7,No,BEGIN QUESTIONNAIRE,
2,1622577022946,01/06/2021 19:50:22,1622577021963,1,01/06/2021 20:50:21,53470,3,questionnaire-uqlw,,13185836,5e1ddf335a970014f8bbc91a,3968999,,complete,,60b68f1201ea5b2ccbdcb902,computer,Desktop or Laptop,Windows 10,Chrome 91.0.4472.77,2560x1080,1278x931,,demog,7,No,Sex,Male
3,1622577023024,01/06/2021 19:50:23,1622577021964,1,01/06/2021 20:50:21,53470,3,questionnaire-uqlw,,13185836,5e1ddf335a970014f8bbc91a,3968999,,complete,,60b68f1201ea5b2ccbdcb902,computer,Desktop or Laptop,Windows 10,Chrome 91.0.4472.77,2560x1080,1278x931,,demog,7,No,Sex-quantised,2
4,1622577023024,01/06/2021 19:50:23,1622577021964,1,01/06/2021 20:50:21,53470,3,questionnaire-uqlw,,13185836,5e1ddf335a970014f8bbc91a,3968999,,complete,,60b68f1201ea5b2ccbdcb902,computer,Desktop or Laptop,Windows 10,Chrome 91.0.4472.77,2560x1080,1278x931,,demog,7,No,Age,25-30
5,1622577023024,01/06/2021 19:50:23,1622577021965,1,01/06/2021 20:50:21,53470,3,questionnaire-uqlw,,13185836,5e1ddf335a970014f8bbc91a,3968999,,complete,,60b68f1201ea5b2ccbdcb902,computer,Desktop or Laptop,Windows 10,Chrome 91.0.4472.77,2560x1080,1278x931,,demog,7,No,Age-quantised,2
6,1622577023024,01/06/2021 19:50:23,1622577021965,1,01/06/2021 20:50:21,53470,3,questionnaire-uqlw,,13185836,5e1ddf335a970014f8bbc91a,3968999,,complete,,60b68f1201ea5b2ccbdcb902,computer,Desktop or Laptop,Windows 10,Chrome 91.0.4472.77,2560x1080,1278x931,,demog,7,No,field,Psychological Research Methods
7,1622577023024,01/06/2021 19:50:23,1622577021965,1,01/06/2021 20:50:21,53470,3,questionnaire-uqlw,,13185836,5e1ddf335a970014f8bbc91a,3968999,,complete,,60b68f1201ea5b2ccbdcb902,computer,Desktop or Laptop,Windows 10,Chrome 91.0.4472.77,2560x1080,1278x931,,demog,7,No,Ed_level,PhD
8,1622577023024,01/06/2021 19:50:23,1622577021965,1,01/06/2021 20:50:21,53470,3,questionnaire-uqlw,,13185836,5e1ddf335a970014f8bbc91a,3968999,,complete,,60b68f1201ea5b2ccbdcb902,computer,Desktop or Laptop,Windows 10,Chrome 91.0.4472.77,2560x1080,1278x931,,demog,7,No,Ed_level-quantised,4
9,1622577023024,01/06/2021 19:50:23,1622577021965,1,01/06/2021 20:50:21,53470,3,questionnaire-uqlw,,13185836,5e1ddf335a970014f8bbc91a,3968999,,complete,,60b68f1201ea5b2ccbdcb902,computer,Desktop or Laptop,Windows 10,Chrome 91.0.4472.77,2560x1080,1278x931,,demog,7,No,END QUESTIONNAIRE,50250
1,1622578238292,01/06/2021 20:10:38,1622578238097,1,01/06/2021 21:10:38,53470,3,questionnaire-uqlw,,13186390,5debb7511e806c2a59cad664,3969123,,complete,,60b6942dd75baec7fbfbe4dc,computer,Desktop or Laptop,Mac OS 10.15.7,Chrome 91.0.4472.77,1440x900,1440x721,,demog,7,No,BEGIN QUESTIONNAIRE,
2,1622578253002,01/06/2021 20:10:53,1622578252816,1,01/06/2021 21:10:52,53470,3,questionnaire-uqlw,,13186390,5debb7511e806c2a59cad664,3969123,,complete,,60b6942dd75baec7fbfbe4dc,computer,Desktop or Laptop,Mac OS 10.15.7,Chrome 91.0.4472.77,1440x900,1425x721,,demog,7,No,Sex,Female
3,1622578253190,01/06/2021 20:10:53,1622578252818,1,01/06/2021 21:10:52,53470,3,questionnaire-uqlw,,13186390,5debb7511e806c2a59cad664,3969123,,complete,,60b6942dd75baec7fbfbe4dc,computer,Desktop or Laptop,Mac OS 10.15.7,Chrome 91.0.4472.77,1440x900,1425x721,,demog,7,No,Sex-quantised,1
4,1622578253190,01/06/2021 20:10:53,1622578252818,1,01/06/2021 21:10:52,53470,3,questionnaire-uqlw,,13186390,5debb7511e806c2a59cad664,3969123,,complete,,60b6942dd75baec7fbfbe4dc,computer,Desktop or Laptop,Mac OS 10.15.7,Chrome 91.0.4472.77,1440x900,1425x721,,demog,7,No,Age,18-24
5,1622578253190,01/06/2021 20:10:53,1622578252818,1,01/06/2021 21:10:52,53470,3,questionnaire-uqlw,,13186390,5debb7511e806c2a59cad664,3969123,,complete,,60b6942dd75baec7fbfbe4dc,computer,Desktop or Laptop,Mac OS 10.15.7,Chrome 91.0.4472.77,1440x900,1425x721,,demog,7,No,Age-quantised,1
6,1622578253190,01/06/2021 20:10:53,1622578252818,1,01/06/2021 21:10:52,53470,3,questionnaire-uqlw,,13186390,5debb7511e806c2a59cad664,3969123,,complete,,60b6942dd75baec7fbfbe4dc,computer,Desktop or Laptop,Mac OS 10.15.7,Chrome 91.0.4472.77,1440x900,1425x721,,demog,7,No,field,sociology
7,1622578253190,01/06/2021 20:10:53,1622578252818,1,01/06/2021 21:10:52,53470,3,questionnaire-uqlw,,13186390,5debb7511e806c2a59cad664,3969123,,complete,,60b6942dd75baec7fbfbe4dc,computer,Desktop or Laptop,Mac OS 10.15.7,Chrome 91.0.4472.77,1440x900,1425x721,,demog,7,No,Ed_level,Masters
8,1622578253190,01/06/2021 20:10:53,1622578252818,1,01/06/2021 21:10:52,53470,3,questionnaire-uqlw,,13186390,5debb7511e806c2a59cad664,3969123,,complete,,60b6942dd75baec7fbfbe4dc,computer,Desktop or Laptop,Mac OS 10.15.7,Chrome 91.0.4472.77,1440x900,1425x721,,demog,7,No,Ed_level-quantised,3
9,1622578253190,01/06/2021 20:10:53,1622578252818,1,01/06/2021 21:10:52,53470,3,questionnaire-uqlw,,13186390,5debb7511e806c2a59cad664,3969123,,complete,,60b6942dd75baec7fbfbe4dc,computer,Desktop or Laptop,Mac OS 10.15.7,Chrome 91.0.4472.77,1440x900,1425x721,,demog,7,No,END QUESTIONNAIRE,14721
END OF FILE
