﻿Event Index,UTC Timestamp,UTC Date,Local Timestamp,Local Timezone,Local Date,Experiment ID,Experiment Version,Tree Node Key,Repeat Key,Schedule ID,Participant Public ID,Participant Private ID,Participant Starting Group,Participant Status,Participant Completion Code,Participant External Session ID,Participant Device Type,Participant Device,Participant OS,Participant Browser,Participant Monitor Size,Participant Viewport Size,Checkpoint,Task Name,Task Version,Randomise questionnaire elements?,Question Key,Response
1,1622623230301,02/06/2021 08:40:30,1622623230203,1,02/06/2021 09:40:30,53470,4,questionnaire-uqlw,,13194333,60b511b9b6143f5c2914a36c,3971089,,complete,,60b743e760049c148b007bdc,computer,Desktop or Laptop,Chromium OS 13816.82.0,Chrome 90.0.4430.218,1366x768,1366x617,,demog,7,No,BEGIN QUESTIONNAIRE,
2,1622623255772,02/06/2021 08:40:55,1622623255727,1,02/06/2021 09:40:55,53470,4,questionnaire-uqlw,,13194333,60b511b9b6143f5c2914a36c,3971089,,complete,,60b743e760049c148b007bdc,computer,Desktop or Laptop,Chromium OS 13816.82.0,Chrome 90.0.4430.218,1366x768,1366x617,,demog,7,No,Sex,Female
3,1622623255851,02/06/2021 08:40:55,1622623255730,1,02/06/2021 09:40:55,53470,4,questionnaire-uqlw,,13194333,60b511b9b6143f5c2914a36c,3971089,,complete,,60b743e760049c148b007bdc,computer,Desktop or Laptop,Chromium OS 13816.82.0,Chrome 90.0.4430.218,1366x768,1366x617,,demog,7,No,Sex-quantised,1
4,1622623255851,02/06/2021 08:40:55,1622623255731,1,02/06/2021 09:40:55,53470,4,questionnaire-uqlw,,13194333,60b511b9b6143f5c2914a36c,3971089,,complete,,60b743e760049c148b007bdc,computer,Desktop or Laptop,Chromium OS 13816.82.0,Chrome 90.0.4430.218,1366x768,1366x617,,demog,7,No,Age,18-24
5,1622623255851,02/06/2021 08:40:55,1622623255731,1,02/06/2021 09:40:55,53470,4,questionnaire-uqlw,,13194333,60b511b9b6143f5c2914a36c,3971089,,complete,,60b743e760049c148b007bdc,computer,Desktop or Laptop,Chromium OS 13816.82.0,Chrome 90.0.4430.218,1366x768,1366x617,,demog,7,No,Age-quantised,1
6,1622623255851,02/06/2021 08:40:55,1622623255731,1,02/06/2021 09:40:55,53470,4,questionnaire-uqlw,,13194333,60b511b9b6143f5c2914a36c,3971089,,complete,,60b743e760049c148b007bdc,computer,Desktop or Laptop,Chromium OS 13816.82.0,Chrome 90.0.4430.218,1366x768,1366x617,,demog,7,No,field,Neuroscience
7,1622623255851,02/06/2021 08:40:55,1622623255732,1,02/06/2021 09:40:55,53470,4,questionnaire-uqlw,,13194333,60b511b9b6143f5c2914a36c,3971089,,complete,,60b743e760049c148b007bdc,computer,Desktop or Laptop,Chromium OS 13816.82.0,Chrome 90.0.4430.218,1366x768,1366x617,,demog,7,No,Ed_level,less than undergraduate/Bachelors
8,1622623255851,02/06/2021 08:40:55,1622623255732,1,02/06/2021 09:40:55,53470,4,questionnaire-uqlw,,13194333,60b511b9b6143f5c2914a36c,3971089,,complete,,60b743e760049c148b007bdc,computer,Desktop or Laptop,Chromium OS 13816.82.0,Chrome 90.0.4430.218,1366x768,1366x617,,demog,7,No,Ed_level-quantised,1
9,1622623255851,02/06/2021 08:40:55,1622623255732,1,02/06/2021 09:40:55,53470,4,questionnaire-uqlw,,13194333,60b511b9b6143f5c2914a36c,3971089,,complete,,60b743e760049c148b007bdc,computer,Desktop or Laptop,Chromium OS 13816.82.0,Chrome 90.0.4430.218,1366x768,1366x617,,demog,7,No,END QUESTIONNAIRE,25530
1,1622624036224,02/06/2021 08:53:56,1622624033741,1,02/06/2021 09:53:53,53470,4,questionnaire-uqlw,,13194745,5d6794cb0942ff00162345bb,3971184,,complete,,60b747102281c67a6c47b3a4,computer,Desktop or Laptop,Windows 10,Chrome 91.0.4472.77,1280x720,1600x732,,demog,7,No,BEGIN QUESTIONNAIRE,
2,1622624053891,02/06/2021 08:54:13,1622624051448,1,02/06/2021 09:54:11,53470,4,questionnaire-uqlw,,13194745,5d6794cb0942ff00162345bb,3971184,,complete,,60b747102281c67a6c47b3a4,computer,Desktop or Laptop,Windows 10,Chrome 91.0.4472.77,1280x720,1579x732,,demog,7,No,Sex,Male
3,1622624054032,02/06/2021 08:54:14,1622624051449,1,02/06/2021 09:54:11,53470,4,questionnaire-uqlw,,13194745,5d6794cb0942ff00162345bb,3971184,,complete,,60b747102281c67a6c47b3a4,computer,Desktop or Laptop,Windows 10,Chrome 91.0.4472.77,1280x720,1579x732,,demog,7,No,Sex-quantised,2
4,1622624054032,02/06/2021 08:54:14,1622624051450,1,02/06/2021 09:54:11,53470,4,questionnaire-uqlw,,13194745,5d6794cb0942ff00162345bb,3971184,,complete,,60b747102281c67a6c47b3a4,computer,Desktop or Laptop,Windows 10,Chrome 91.0.4472.77,1280x720,1579x732,,demog,7,No,Age,18-24
5,1622624054032,02/06/2021 08:54:14,1622624051450,1,02/06/2021 09:54:11,53470,4,questionnaire-uqlw,,13194745,5d6794cb0942ff00162345bb,3971184,,complete,,60b747102281c67a6c47b3a4,computer,Desktop or Laptop,Windows 10,Chrome 91.0.4472.77,1280x720,1579x732,,demog,7,No,Age-quantised,1
6,1622624054032,02/06/2021 08:54:14,1622624051450,1,02/06/2021 09:54:11,53470,4,questionnaire-uqlw,,13194745,5d6794cb0942ff00162345bb,3971184,,complete,,60b747102281c67a6c47b3a4,computer,Desktop or Laptop,Windows 10,Chrome 91.0.4472.77,1280x720,1579x732,,demog,7,No,field,Pharmacy
7,1622624054032,02/06/2021 08:54:14,1622624051450,1,02/06/2021 09:54:11,53470,4,questionnaire-uqlw,,13194745,5d6794cb0942ff00162345bb,3971184,,complete,,60b747102281c67a6c47b3a4,computer,Desktop or Laptop,Windows 10,Chrome 91.0.4472.77,1280x720,1579x732,,demog,7,No,Ed_level,undergraduate/Bachelors
8,1622624054032,02/06/2021 08:54:14,1622624051450,1,02/06/2021 09:54:11,53470,4,questionnaire-uqlw,,13194745,5d6794cb0942ff00162345bb,3971184,,complete,,60b747102281c67a6c47b3a4,computer,Desktop or Laptop,Windows 10,Chrome 91.0.4472.77,1280x720,1579x732,,demog,7,No,Ed_level-quantised,2
9,1622624054032,02/06/2021 08:54:14,1622624051450,1,02/06/2021 09:54:11,53470,4,questionnaire-uqlw,,13194745,5d6794cb0942ff00162345bb,3971184,,complete,,60b747102281c67a6c47b3a4,computer,Desktop or Laptop,Windows 10,Chrome 91.0.4472.77,1280x720,1579x732,,demog,7,No,END QUESTIONNAIRE,17709
1,1622624802215,02/06/2021 09:06:42,1622624802296,1,02/06/2021 10:06:42,53470,4,questionnaire-uqlw,,13195132,5c555247b7cf140001d35217,3971277,,complete,,60b749ebd23070637c033091,computer,Desktop or Laptop,Windows 10,Chrome 90.0.4430.212,1366x768,1366x657,,demog,7,No,BEGIN QUESTIONNAIRE,
2,1622624821136,02/06/2021 09:07:01,1622624821191,1,02/06/2021 10:07:01,53470,4,questionnaire-uqlw,,13195132,5c555247b7cf140001d35217,3971277,,complete,,60b749ebd23070637c033091,computer,Desktop or Laptop,Windows 10,Chrome 90.0.4430.212,1366x768,1349x657,,demog,7,No,Sex,Female
3,1622624821228,02/06/2021 09:07:01,1622624821196,1,02/06/2021 10:07:01,53470,4,questionnaire-uqlw,,13195132,5c555247b7cf140001d35217,3971277,,complete,,60b749ebd23070637c033091,computer,Desktop or Laptop,Windows 10,Chrome 90.0.4430.212,1366x768,1349x657,,demog,7,No,Sex-quantised,1
4,1622624821228,02/06/2021 09:07:01,1622624821197,1,02/06/2021 10:07:01,53470,4,questionnaire-uqlw,,13195132,5c555247b7cf140001d35217,3971277,,complete,,60b749ebd23070637c033091,computer,Desktop or Laptop,Windows 10,Chrome 90.0.4430.212,1366x768,1349x657,,demog,7,No,Age,31-40
5,1622624821228,02/06/2021 09:07:01,1622624821197,1,02/06/2021 10:07:01,53470,4,questionnaire-uqlw,,13195132,5c555247b7cf140001d35217,3971277,,complete,,60b749ebd23070637c033091,computer,Desktop or Laptop,Windows 10,Chrome 90.0.4430.212,1366x768,1349x657,,demog,7,No,Age-quantised,3
6,1622624821228,02/06/2021 09:07:01,1622624821198,1,02/06/2021 10:07:01,53470,4,questionnaire-uqlw,,13195132,5c555247b7cf140001d35217,3971277,,complete,,60b749ebd23070637c033091,computer,Desktop or Laptop,Windows 10,Chrome 90.0.4430.212,1366x768,1349x657,,demog,7,No,field,nursing
7,1622624821228,02/06/2021 09:07:01,1622624821198,1,02/06/2021 10:07:01,53470,4,questionnaire-uqlw,,13195132,5c555247b7cf140001d35217,3971277,,complete,,60b749ebd23070637c033091,computer,Desktop or Laptop,Windows 10,Chrome 90.0.4430.212,1366x768,1349x657,,demog,7,No,Ed_level,undergraduate/Bachelors
8,1622624821228,02/06/2021 09:07:01,1622624821199,1,02/06/2021 10:07:01,53470,4,questionnaire-uqlw,,13195132,5c555247b7cf140001d35217,3971277,,complete,,60b749ebd23070637c033091,computer,Desktop or Laptop,Windows 10,Chrome 90.0.4430.212,1366x768,1349x657,,demog,7,No,Ed_level-quantised,2
9,1622624821228,02/06/2021 09:07:01,1622624821200,1,02/06/2021 10:07:01,53470,4,questionnaire-uqlw,,13195132,5c555247b7cf140001d35217,3971277,,complete,,60b749ebd23070637c033091,computer,Desktop or Laptop,Windows 10,Chrome 90.0.4430.212,1366x768,1349x657,,demog,7,No,END QUESTIONNAIRE,18905
1,1622624863394,02/06/2021 09:07:43,1622624864144,1,02/06/2021 10:07:44,53470,4,questionnaire-uqlw,,13195167,601eefaacaa62b3d3b7e8476,3971285,,complete,,60b74a57a55f400b0e35adc9,computer,Desktop or Laptop,Windows 10,Chrome 90.0.4430.212,1536x864,1536x722,,demog,7,No,BEGIN QUESTIONNAIRE,
2,1622624894554,02/06/2021 09:08:14,1622624895311,1,02/06/2021 10:08:15,53470,4,questionnaire-uqlw,,13195167,601eefaacaa62b3d3b7e8476,3971285,,complete,,60b74a57a55f400b0e35adc9,computer,Desktop or Laptop,Windows 10,Chrome 90.0.4430.212,1536x864,1519x722,,demog,7,No,Sex,Male
3,1622624894646,02/06/2021 09:08:14,1622624895312,1,02/06/2021 10:08:15,53470,4,questionnaire-uqlw,,13195167,601eefaacaa62b3d3b7e8476,3971285,,complete,,60b74a57a55f400b0e35adc9,computer,Desktop or Laptop,Windows 10,Chrome 90.0.4430.212,1536x864,1519x722,,demog,7,No,Sex-quantised,2
4,1622624894646,02/06/2021 09:08:14,1622624895312,1,02/06/2021 10:08:15,53470,4,questionnaire-uqlw,,13195167,601eefaacaa62b3d3b7e8476,3971285,,complete,,60b74a57a55f400b0e35adc9,computer,Desktop or Laptop,Windows 10,Chrome 90.0.4430.212,1536x864,1519x722,,demog,7,No,Age,18-24
5,1622624894646,02/06/2021 09:08:14,1622624895312,1,02/06/2021 10:08:15,53470,4,questionnaire-uqlw,,13195167,601eefaacaa62b3d3b7e8476,3971285,,complete,,60b74a57a55f400b0e35adc9,computer,Desktop or Laptop,Windows 10,Chrome 90.0.4430.212,1536x864,1519x722,,demog,7,No,Age-quantised,1
6,1622624894646,02/06/2021 09:08:14,1622624895313,1,02/06/2021 10:08:15,53470,4,questionnaire-uqlw,,13195167,601eefaacaa62b3d3b7e8476,3971285,,complete,,60b74a57a55f400b0e35adc9,computer,Desktop or Laptop,Windows 10,Chrome 90.0.4430.212,1536x864,1519x722,,demog,7,No,field,Geology
7,1622624894646,02/06/2021 09:08:14,1622624895313,1,02/06/2021 10:08:15,53470,4,questionnaire-uqlw,,13195167,601eefaacaa62b3d3b7e8476,3971285,,complete,,60b74a57a55f400b0e35adc9,computer,Desktop or Laptop,Windows 10,Chrome 90.0.4430.212,1536x864,1519x722,,demog,7,No,Ed_level,undergraduate/Bachelors
8,1622624894646,02/06/2021 09:08:14,1622624895313,1,02/06/2021 10:08:15,53470,4,questionnaire-uqlw,,13195167,601eefaacaa62b3d3b7e8476,3971285,,complete,,60b74a57a55f400b0e35adc9,computer,Desktop or Laptop,Windows 10,Chrome 90.0.4430.212,1536x864,1519x722,,demog,7,No,Ed_level-quantised,2
9,1622624894646,02/06/2021 09:08:14,1622624895313,1,02/06/2021 10:08:15,53470,4,questionnaire-uqlw,,13195167,601eefaacaa62b3d3b7e8476,3971285,,complete,,60b74a57a55f400b0e35adc9,computer,Desktop or Laptop,Windows 10,Chrome 90.0.4430.212,1536x864,1519x722,,demog,7,No,END QUESTIONNAIRE,31170
1,1622625012611,02/06/2021 09:10:12,1622625012476,1,02/06/2021 10:10:12,53470,4,questionnaire-uqlw,,13195242,5e790ca38cba350b0a1f6f20,3971334,,complete,,60b74a766fc7b78c4b569f48,computer,Desktop or Laptop,Mac OS 10.15.6,Safari 14.0.3,810x1080,1080x707,,demog,7,No,BEGIN QUESTIONNAIRE,
2,1622625021611,02/06/2021 09:10:21,1622625021568,1,02/06/2021 10:10:21,53470,4,questionnaire-uqlw,,13195242,5e790ca38cba350b0a1f6f20,3971334,,complete,,60b74a766fc7b78c4b569f48,computer,Desktop or Laptop,Mac OS 10.15.6,Safari 14.0.3,810x1080,1080x707,,demog,7,No,BEGIN QUESTIONNAIRE,
3,1622625045167,02/06/2021 09:10:45,1622625045126,1,02/06/2021 10:10:45,53470,4,questionnaire-uqlw,,13195242,5e790ca38cba350b0a1f6f20,3971334,,complete,,60b74a766fc7b78c4b569f48,computer,Desktop or Laptop,Mac OS 10.15.6,Safari 14.0.3,810x1080,1080x707,,demog,7,No,Sex,Female
4,1622625045281,02/06/2021 09:10:45,1622625045128,1,02/06/2021 10:10:45,53470,4,questionnaire-uqlw,,13195242,5e790ca38cba350b0a1f6f20,3971334,,complete,,60b74a766fc7b78c4b569f48,computer,Desktop or Laptop,Mac OS 10.15.6,Safari 14.0.3,810x1080,1080x707,,demog,7,No,Sex-quantised,1
5,1622625045281,02/06/2021 09:10:45,1622625045129,1,02/06/2021 10:10:45,53470,4,questionnaire-uqlw,,13195242,5e790ca38cba350b0a1f6f20,3971334,,complete,,60b74a766fc7b78c4b569f48,computer,Desktop or Laptop,Mac OS 10.15.6,Safari 14.0.3,810x1080,1080x707,,demog,7,No,Age,18-24
6,1622625045281,02/06/2021 09:10:45,1622625045129,1,02/06/2021 10:10:45,53470,4,questionnaire-uqlw,,13195242,5e790ca38cba350b0a1f6f20,3971334,,complete,,60b74a766fc7b78c4b569f48,computer,Desktop or Laptop,Mac OS 10.15.6,Safari 14.0.3,810x1080,1080x707,,demog,7,No,Age-quantised,1
7,1622625045281,02/06/2021 09:10:45,1622625045129,1,02/06/2021 10:10:45,53470,4,questionnaire-uqlw,,13195242,5e790ca38cba350b0a1f6f20,3971334,,complete,,60b74a766fc7b78c4b569f48,computer,Desktop or Laptop,Mac OS 10.15.6,Safari 14.0.3,810x1080,1080x707,,demog,7,No,field,Pharmacy
8,1622625045281,02/06/2021 09:10:45,1622625045129,1,02/06/2021 10:10:45,53470,4,questionnaire-uqlw,,13195242,5e790ca38cba350b0a1f6f20,3971334,,complete,,60b74a766fc7b78c4b569f48,computer,Desktop or Laptop,Mac OS 10.15.6,Safari 14.0.3,810x1080,1080x707,,demog,7,No,Ed_level,undergraduate/Bachelors
9,1622625045281,02/06/2021 09:10:45,1622625045129,1,02/06/2021 10:10:45,53470,4,questionnaire-uqlw,,13195242,5e790ca38cba350b0a1f6f20,3971334,,complete,,60b74a766fc7b78c4b569f48,computer,Desktop or Laptop,Mac OS 10.15.6,Safari 14.0.3,810x1080,1080x707,,demog,7,No,Ed_level-quantised,2
10,1622625045281,02/06/2021 09:10:45,1622625045129,1,02/06/2021 10:10:45,53470,4,questionnaire-uqlw,,13195242,5e790ca38cba350b0a1f6f20,3971334,,complete,,60b74a766fc7b78c4b569f48,computer,Desktop or Laptop,Mac OS 10.15.6,Safari 14.0.3,810x1080,1080x707,,demog,7,No,END QUESTIONNAIRE,23561
1,1622625299584,02/06/2021 09:14:59,1622625321125,1,02/06/2021 10:15:21,53470,4,questionnaire-uqlw,,13195379,5bbf31958d691100016f17ec,3971432,,complete,,60b74adf699a0cc95e51900f,computer,Desktop or Laptop,Windows 10,Chrome 90.0.4430.212,1536x864,1536x754,,demog,7,No,BEGIN QUESTIONNAIRE,
2,1622625333564,02/06/2021 09:15:33,1622625355071,1,02/06/2021 10:15:55,53470,4,questionnaire-uqlw,,13195379,5bbf31958d691100016f17ec,3971432,,complete,,60b74adf699a0cc95e51900f,computer,Desktop or Laptop,Windows 10,Chrome 90.0.4430.212,1536x864,1519x754,,demog,7,No,Sex,Female
3,1622625333649,02/06/2021 09:15:33,1622625355074,1,02/06/2021 10:15:55,53470,4,questionnaire-uqlw,,13195379,5bbf31958d691100016f17ec,3971432,,complete,,60b74adf699a0cc95e51900f,computer,Desktop or Laptop,Windows 10,Chrome 90.0.4430.212,1536x864,1519x754,,demog,7,No,Sex-quantised,1
4,1622625333649,02/06/2021 09:15:33,1622625355074,1,02/06/2021 10:15:55,53470,4,questionnaire-uqlw,,13195379,5bbf31958d691100016f17ec,3971432,,complete,,60b74adf699a0cc95e51900f,computer,Desktop or Laptop,Windows 10,Chrome 90.0.4430.212,1536x864,1519x754,,demog,7,No,Age,25-30
5,1622625333649,02/06/2021 09:15:33,1622625355074,1,02/06/2021 10:15:55,53470,4,questionnaire-uqlw,,13195379,5bbf31958d691100016f17ec,3971432,,complete,,60b74adf699a0cc95e51900f,computer,Desktop or Laptop,Windows 10,Chrome 90.0.4430.212,1536x864,1519x754,,demog,7,No,Age-quantised,2
6,1622625333649,02/06/2021 09:15:33,1622625355075,1,02/06/2021 10:15:55,53470,4,questionnaire-uqlw,,13195379,5bbf31958d691100016f17ec,3971432,,complete,,60b74adf699a0cc95e51900f,computer,Desktop or Laptop,Windows 10,Chrome 90.0.4430.212,1536x864,1519x754,,demog,7,No,field,Dental Public Health
7,1622625333649,02/06/2021 09:15:33,1622625355075,1,02/06/2021 10:15:55,53470,4,questionnaire-uqlw,,13195379,5bbf31958d691100016f17ec,3971432,,complete,,60b74adf699a0cc95e51900f,computer,Desktop or Laptop,Windows 10,Chrome 90.0.4430.212,1536x864,1519x754,,demog,7,No,Ed_level,PhD
8,1622625333649,02/06/2021 09:15:33,1622625355075,1,02/06/2021 10:15:55,53470,4,questionnaire-uqlw,,13195379,5bbf31958d691100016f17ec,3971432,,complete,,60b74adf699a0cc95e51900f,computer,Desktop or Laptop,Windows 10,Chrome 90.0.4430.212,1536x864,1519x754,,demog,7,No,Ed_level-quantised,4
9,1622625333649,02/06/2021 09:15:33,1622625355075,1,02/06/2021 10:15:55,53470,4,questionnaire-uqlw,,13195379,5bbf31958d691100016f17ec,3971432,,complete,,60b74adf699a0cc95e51900f,computer,Desktop or Laptop,Windows 10,Chrome 90.0.4430.212,1536x864,1519x754,,demog,7,No,END QUESTIONNAIRE,33950
1,1622625480340,02/06/2021 09:18:00,1622625478531,1,02/06/2021 10:17:58,53470,4,questionnaire-uqlw,,13195482,60b506ced6a865fd6f20d1b4,3971469,,complete,,60b74b8d5afe1477de2dc51d,computer,Desktop or Laptop,Chromium OS 13816.80.0,Chrome 90.0.4430.215,1300x731,1300x612,,demog,7,No,BEGIN QUESTIONNAIRE,
2,1622625501243,02/06/2021 09:18:21,1622625499423,1,02/06/2021 10:18:19,53470,4,questionnaire-uqlw,,13195482,60b506ced6a865fd6f20d1b4,3971469,,complete,,60b74b8d5afe1477de2dc51d,computer,Desktop or Laptop,Chromium OS 13816.80.0,Chrome 90.0.4430.215,1300x731,1300x612,,demog,7,No,Sex,Female
3,1622625501368,02/06/2021 09:18:21,1622625499432,1,02/06/2021 10:18:19,53470,4,questionnaire-uqlw,,13195482,60b506ced6a865fd6f20d1b4,3971469,,complete,,60b74b8d5afe1477de2dc51d,computer,Desktop or Laptop,Chromium OS 13816.80.0,Chrome 90.0.4430.215,1300x731,1300x612,,demog,7,No,Sex-quantised,1
4,1622625501368,02/06/2021 09:18:21,1622625499433,1,02/06/2021 10:18:19,53470,4,questionnaire-uqlw,,13195482,60b506ced6a865fd6f20d1b4,3971469,,complete,,60b74b8d5afe1477de2dc51d,computer,Desktop or Laptop,Chromium OS 13816.80.0,Chrome 90.0.4430.215,1300x731,1300x612,,demog,7,No,Age,18-24
5,1622625501368,02/06/2021 09:18:21,1622625499433,1,02/06/2021 10:18:19,53470,4,questionnaire-uqlw,,13195482,60b506ced6a865fd6f20d1b4,3971469,,complete,,60b74b8d5afe1477de2dc51d,computer,Desktop or Laptop,Chromium OS 13816.80.0,Chrome 90.0.4430.215,1300x731,1300x612,,demog,7,No,Age-quantised,1
6,1622625501368,02/06/2021 09:18:21,1622625499434,1,02/06/2021 10:18:19,53470,4,questionnaire-uqlw,,13195482,60b506ced6a865fd6f20d1b4,3971469,,complete,,60b74b8d5afe1477de2dc51d,computer,Desktop or Laptop,Chromium OS 13816.80.0,Chrome 90.0.4430.215,1300x731,1300x612,,demog,7,No,field,Psychology
7,1622625501368,02/06/2021 09:18:21,1622625499434,1,02/06/2021 10:18:19,53470,4,questionnaire-uqlw,,13195482,60b506ced6a865fd6f20d1b4,3971469,,complete,,60b74b8d5afe1477de2dc51d,computer,Desktop or Laptop,Chromium OS 13816.80.0,Chrome 90.0.4430.215,1300x731,1300x612,,demog,7,No,Ed_level,undergraduate/Bachelors
8,1622625501368,02/06/2021 09:18:21,1622625499435,1,02/06/2021 10:18:19,53470,4,questionnaire-uqlw,,13195482,60b506ced6a865fd6f20d1b4,3971469,,complete,,60b74b8d5afe1477de2dc51d,computer,Desktop or Laptop,Chromium OS 13816.80.0,Chrome 90.0.4430.215,1300x731,1300x612,,demog,7,No,Ed_level-quantised,2
9,1622625501368,02/06/2021 09:18:21,1622625499435,1,02/06/2021 10:18:19,53470,4,questionnaire-uqlw,,13195482,60b506ced6a865fd6f20d1b4,3971469,,complete,,60b74b8d5afe1477de2dc51d,computer,Desktop or Laptop,Chromium OS 13816.80.0,Chrome 90.0.4430.215,1300x731,1300x612,,demog,7,No,END QUESTIONNAIRE,20904
1,1622625916559,02/06/2021 09:25:16,1622625916823,1,02/06/2021 10:25:16,53470,4,questionnaire-uqlw,,13195735,5f14d76ee1b34e0e1cfcbf59,3971534,,complete,,60b74e6bb3faf998240d27c5,computer,Desktop or Laptop,Windows 10,Chrome 90.0.4430.212,1368x912,1368x770,,demog,7,No,BEGIN QUESTIONNAIRE,
2,1622625932734,02/06/2021 09:25:32,1622625932950,1,02/06/2021 10:25:32,53470,4,questionnaire-uqlw,,13195735,5f14d76ee1b34e0e1cfcbf59,3971534,,complete,,60b74e6bb3faf998240d27c5,computer,Desktop or Laptop,Windows 10,Chrome 90.0.4430.212,1368x912,1351x770,,demog,7,No,Sex,Female
3,1622625933266,02/06/2021 09:25:33,1622625932952,1,02/06/2021 10:25:32,53470,4,questionnaire-uqlw,,13195735,5f14d76ee1b34e0e1cfcbf59,3971534,,complete,,60b74e6bb3faf998240d27c5,computer,Desktop or Laptop,Windows 10,Chrome 90.0.4430.212,1368x912,1351x770,,demog,7,No,Sex-quantised,1
4,1622625933266,02/06/2021 09:25:33,1622625932952,1,02/06/2021 10:25:32,53470,4,questionnaire-uqlw,,13195735,5f14d76ee1b34e0e1cfcbf59,3971534,,complete,,60b74e6bb3faf998240d27c5,computer,Desktop or Laptop,Windows 10,Chrome 90.0.4430.212,1368x912,1351x770,,demog,7,No,Age,18-24
5,1622625933266,02/06/2021 09:25:33,1622625932952,1,02/06/2021 10:25:32,53470,4,questionnaire-uqlw,,13195735,5f14d76ee1b34e0e1cfcbf59,3971534,,complete,,60b74e6bb3faf998240d27c5,computer,Desktop or Laptop,Windows 10,Chrome 90.0.4430.212,1368x912,1351x770,,demog,7,No,Age-quantised,1
6,1622625933266,02/06/2021 09:25:33,1622625932952,1,02/06/2021 10:25:32,53470,4,questionnaire-uqlw,,13195735,5f14d76ee1b34e0e1cfcbf59,3971534,,complete,,60b74e6bb3faf998240d27c5,computer,Desktop or Laptop,Windows 10,Chrome 90.0.4430.212,1368x912,1351x770,,demog,7,No,field,Psychology
7,1622625933266,02/06/2021 09:25:33,1622625932953,1,02/06/2021 10:25:32,53470,4,questionnaire-uqlw,,13195735,5f14d76ee1b34e0e1cfcbf59,3971534,,complete,,60b74e6bb3faf998240d27c5,computer,Desktop or Laptop,Windows 10,Chrome 90.0.4430.212,1368x912,1351x770,,demog,7,No,Ed_level,less than undergraduate/Bachelors
8,1622625933266,02/06/2021 09:25:33,1622625932953,1,02/06/2021 10:25:32,53470,4,questionnaire-uqlw,,13195735,5f14d76ee1b34e0e1cfcbf59,3971534,,complete,,60b74e6bb3faf998240d27c5,computer,Desktop or Laptop,Windows 10,Chrome 90.0.4430.212,1368x912,1351x770,,demog,7,No,Ed_level-quantised,1
9,1622625933266,02/06/2021 09:25:33,1622625932953,1,02/06/2021 10:25:32,53470,4,questionnaire-uqlw,,13195735,5f14d76ee1b34e0e1cfcbf59,3971534,,complete,,60b74e6bb3faf998240d27c5,computer,Desktop or Laptop,Windows 10,Chrome 90.0.4430.212,1368x912,1351x770,,demog,7,No,END QUESTIONNAIRE,16130
1,1622626276729,02/06/2021 09:31:16,1622626276390,1,02/06/2021 10:31:16,53470,4,questionnaire-uqlw,,13195899,5f52971c271a0703d733031c,3971594,,complete,,60b74f879905bee90db32e43,computer,Desktop or Laptop,Windows 10,Chrome 90.0.4430.212,1920x1080,1920x1007,,demog,7,No,BEGIN QUESTIONNAIRE,
2,1622626292533,02/06/2021 09:31:32,1622626292145,1,02/06/2021 10:31:32,53470,4,questionnaire-uqlw,,13195899,5f52971c271a0703d733031c,3971594,,complete,,60b74f879905bee90db32e43,computer,Desktop or Laptop,Windows 10,Chrome 90.0.4430.212,1920x1080,1920x1007,,demog,7,No,Sex,Female
3,1622626292644,02/06/2021 09:31:32,1622626292148,1,02/06/2021 10:31:32,53470,4,questionnaire-uqlw,,13195899,5f52971c271a0703d733031c,3971594,,complete,,60b74f879905bee90db32e43,computer,Desktop or Laptop,Windows 10,Chrome 90.0.4430.212,1920x1080,1920x1007,,demog,7,No,Sex-quantised,1
4,1622626292644,02/06/2021 09:31:32,1622626292148,1,02/06/2021 10:31:32,53470,4,questionnaire-uqlw,,13195899,5f52971c271a0703d733031c,3971594,,complete,,60b74f879905bee90db32e43,computer,Desktop or Laptop,Windows 10,Chrome 90.0.4430.212,1920x1080,1920x1007,,demog,7,No,Age,31-40
5,1622626292644,02/06/2021 09:31:32,1622626292149,1,02/06/2021 10:31:32,53470,4,questionnaire-uqlw,,13195899,5f52971c271a0703d733031c,3971594,,complete,,60b74f879905bee90db32e43,computer,Desktop or Laptop,Windows 10,Chrome 90.0.4430.212,1920x1080,1920x1007,,demog,7,No,Age-quantised,3
6,1622626292644,02/06/2021 09:31:32,1622626292149,1,02/06/2021 10:31:32,53470,4,questionnaire-uqlw,,13195899,5f52971c271a0703d733031c,3971594,,complete,,60b74f879905bee90db32e43,computer,Desktop or Laptop,Windows 10,Chrome 90.0.4430.212,1920x1080,1920x1007,,demog,7,No,field,Health and social care
7,1622626292644,02/06/2021 09:31:32,1622626292149,1,02/06/2021 10:31:32,53470,4,questionnaire-uqlw,,13195899,5f52971c271a0703d733031c,3971594,,complete,,60b74f879905bee90db32e43,computer,Desktop or Laptop,Windows 10,Chrome 90.0.4430.212,1920x1080,1920x1007,,demog,7,No,Ed_level,undergraduate/Bachelors
8,1622626292644,02/06/2021 09:31:32,1622626292150,1,02/06/2021 10:31:32,53470,4,questionnaire-uqlw,,13195899,5f52971c271a0703d733031c,3971594,,complete,,60b74f879905bee90db32e43,computer,Desktop or Laptop,Windows 10,Chrome 90.0.4430.212,1920x1080,1920x1007,,demog,7,No,Ed_level-quantised,2
9,1622626292644,02/06/2021 09:31:32,1622626292151,1,02/06/2021 10:31:32,53470,4,questionnaire-uqlw,,13195899,5f52971c271a0703d733031c,3971594,,complete,,60b74f879905bee90db32e43,computer,Desktop or Laptop,Windows 10,Chrome 90.0.4430.212,1920x1080,1920x1007,,demog,7,No,END QUESTIONNAIRE,15761
1,1622626607544,02/06/2021 09:36:47,1622626607486,1,02/06/2021 10:36:47,53470,4,questionnaire-uqlw,,13196051,5f3960e728b3734d421b2eeb,3971647,,complete,,60b74a29140d1eb378f37da4,computer,Desktop or Laptop,Mac OS 10.15.6,Safari 14.0,768x1024,1024x665,,demog,7,No,BEGIN QUESTIONNAIRE,
2,1622626625539,02/06/2021 09:37:05,1622626625374,1,02/06/2021 10:37:05,53470,4,questionnaire-uqlw,,13196051,5f3960e728b3734d421b2eeb,3971647,,complete,,60b74a29140d1eb378f37da4,computer,Desktop or Laptop,Mac OS 10.15.6,Safari 14.0,768x1024,1024x665,,demog,7,No,Sex,Female
3,1622626625762,02/06/2021 09:37:05,1622626625378,1,02/06/2021 10:37:05,53470,4,questionnaire-uqlw,,13196051,5f3960e728b3734d421b2eeb,3971647,,complete,,60b74a29140d1eb378f37da4,computer,Desktop or Laptop,Mac OS 10.15.6,Safari 14.0,768x1024,1024x665,,demog,7,No,Sex-quantised,1
4,1622626625762,02/06/2021 09:37:05,1622626625378,1,02/06/2021 10:37:05,53470,4,questionnaire-uqlw,,13196051,5f3960e728b3734d421b2eeb,3971647,,complete,,60b74a29140d1eb378f37da4,computer,Desktop or Laptop,Mac OS 10.15.6,Safari 14.0,768x1024,1024x665,,demog,7,No,Age,18-24
5,1622626625762,02/06/2021 09:37:05,1622626625378,1,02/06/2021 10:37:05,53470,4,questionnaire-uqlw,,13196051,5f3960e728b3734d421b2eeb,3971647,,complete,,60b74a29140d1eb378f37da4,computer,Desktop or Laptop,Mac OS 10.15.6,Safari 14.0,768x1024,1024x665,,demog,7,No,Age-quantised,1
6,1622626625762,02/06/2021 09:37:05,1622626625378,1,02/06/2021 10:37:05,53470,4,questionnaire-uqlw,,13196051,5f3960e728b3734d421b2eeb,3971647,,complete,,60b74a29140d1eb378f37da4,computer,Desktop or Laptop,Mac OS 10.15.6,Safari 14.0,768x1024,1024x665,,demog,7,No,field,Psychology
7,1622626625762,02/06/2021 09:37:05,1622626625378,1,02/06/2021 10:37:05,53470,4,questionnaire-uqlw,,13196051,5f3960e728b3734d421b2eeb,3971647,,complete,,60b74a29140d1eb378f37da4,computer,Desktop or Laptop,Mac OS 10.15.6,Safari 14.0,768x1024,1024x665,,demog,7,No,Ed_level,undergraduate/Bachelors
8,1622626625762,02/06/2021 09:37:05,1622626625378,1,02/06/2021 10:37:05,53470,4,questionnaire-uqlw,,13196051,5f3960e728b3734d421b2eeb,3971647,,complete,,60b74a29140d1eb378f37da4,computer,Desktop or Laptop,Mac OS 10.15.6,Safari 14.0,768x1024,1024x665,,demog,7,No,Ed_level-quantised,2
9,1622626625762,02/06/2021 09:37:05,1622626625378,1,02/06/2021 10:37:05,53470,4,questionnaire-uqlw,,13196051,5f3960e728b3734d421b2eeb,3971647,,complete,,60b74a29140d1eb378f37da4,computer,Desktop or Laptop,Mac OS 10.15.6,Safari 14.0,768x1024,1024x665,,demog,7,No,END QUESTIONNAIRE,17892
1,1622627199117,02/06/2021 09:46:39,1622627202087,1,02/06/2021 10:46:42,53470,4,questionnaire-uqlw,,13196289,5f4a6d50dc1bde5ef2e6b36b,3971746,,complete,,60b7536c55b723c1a775fb82,computer,Desktop or Laptop,Windows 10,Firefox 88.0,1280x720,1280x607,,demog,7,No,BEGIN QUESTIONNAIRE,
2,1622627253396,02/06/2021 09:47:33,1622627256384,1,02/06/2021 10:47:36,53470,4,questionnaire-uqlw,,13196289,5f4a6d50dc1bde5ef2e6b36b,3971746,,complete,,60b7536c55b723c1a775fb82,computer,Desktop or Laptop,Windows 10,Firefox 88.0,1280x720,1263x607,,demog,7,No,Sex,Female
3,1622627253489,02/06/2021 09:47:33,1622627256389,1,02/06/2021 10:47:36,53470,4,questionnaire-uqlw,,13196289,5f4a6d50dc1bde5ef2e6b36b,3971746,,complete,,60b7536c55b723c1a775fb82,computer,Desktop or Laptop,Windows 10,Firefox 88.0,1280x720,1263x607,,demog,7,No,Sex-quantised,1
4,1622627253489,02/06/2021 09:47:33,1622627256389,1,02/06/2021 10:47:36,53470,4,questionnaire-uqlw,,13196289,5f4a6d50dc1bde5ef2e6b36b,3971746,,complete,,60b7536c55b723c1a775fb82,computer,Desktop or Laptop,Windows 10,Firefox 88.0,1280x720,1263x607,,demog,7,No,Age,18-24
5,1622627253489,02/06/2021 09:47:33,1622627256389,1,02/06/2021 10:47:36,53470,4,questionnaire-uqlw,,13196289,5f4a6d50dc1bde5ef2e6b36b,3971746,,complete,,60b7536c55b723c1a775fb82,computer,Desktop or Laptop,Windows 10,Firefox 88.0,1280x720,1263x607,,demog,7,No,Age-quantised,1
6,1622627253489,02/06/2021 09:47:33,1622627256389,1,02/06/2021 10:47:36,53470,4,questionnaire-uqlw,,13196289,5f4a6d50dc1bde5ef2e6b36b,3971746,,complete,,60b7536c55b723c1a775fb82,computer,Desktop or Laptop,Windows 10,Firefox 88.0,1280x720,1263x607,,demog,7,No,field,Secondary Teaching
7,1622627253489,02/06/2021 09:47:33,1622627256390,1,02/06/2021 10:47:36,53470,4,questionnaire-uqlw,,13196289,5f4a6d50dc1bde5ef2e6b36b,3971746,,complete,,60b7536c55b723c1a775fb82,computer,Desktop or Laptop,Windows 10,Firefox 88.0,1280x720,1263x607,,demog,7,No,Ed_level,undergraduate/Bachelors
8,1622627253489,02/06/2021 09:47:33,1622627256390,1,02/06/2021 10:47:36,53470,4,questionnaire-uqlw,,13196289,5f4a6d50dc1bde5ef2e6b36b,3971746,,complete,,60b7536c55b723c1a775fb82,computer,Desktop or Laptop,Windows 10,Firefox 88.0,1280x720,1263x607,,demog,7,No,Ed_level-quantised,2
9,1622627253489,02/06/2021 09:47:33,1622627256390,1,02/06/2021 10:47:36,53470,4,questionnaire-uqlw,,13196289,5f4a6d50dc1bde5ef2e6b36b,3971746,,complete,,60b7536c55b723c1a775fb82,computer,Desktop or Laptop,Windows 10,Firefox 88.0,1280x720,1263x607,,demog,7,No,END QUESTIONNAIRE,54303
1,1622627755814,02/06/2021 09:55:55,1622627755921,1,02/06/2021 10:55:55,53470,4,questionnaire-uqlw,,13196487,5d204b04b1e50a001a19e385,3971850,,complete,,60b7558746b644660e90b5b9,computer,Desktop or Laptop,Windows 10,Chrome 90.0.4430.212,1366x768,1366x625,,demog,7,No,BEGIN QUESTIONNAIRE,
2,1622627775600,02/06/2021 09:56:15,1622627775767,1,02/06/2021 10:56:15,53470,4,questionnaire-uqlw,,13196487,5d204b04b1e50a001a19e385,3971850,,complete,,60b7558746b644660e90b5b9,computer,Desktop or Laptop,Windows 10,Chrome 90.0.4430.212,1366x768,1349x625,,demog,7,No,Sex,Male
3,1622627775689,02/06/2021 09:56:15,1622627775769,1,02/06/2021 10:56:15,53470,4,questionnaire-uqlw,,13196487,5d204b04b1e50a001a19e385,3971850,,complete,,60b7558746b644660e90b5b9,computer,Desktop or Laptop,Windows 10,Chrome 90.0.4430.212,1366x768,1349x625,,demog,7,No,Sex-quantised,2
4,1622627775689,02/06/2021 09:56:15,1622627775769,1,02/06/2021 10:56:15,53470,4,questionnaire-uqlw,,13196487,5d204b04b1e50a001a19e385,3971850,,complete,,60b7558746b644660e90b5b9,computer,Desktop or Laptop,Windows 10,Chrome 90.0.4430.212,1366x768,1349x625,,demog,7,No,Age,18-24
5,1622627775689,02/06/2021 09:56:15,1622627775769,1,02/06/2021 10:56:15,53470,4,questionnaire-uqlw,,13196487,5d204b04b1e50a001a19e385,3971850,,complete,,60b7558746b644660e90b5b9,computer,Desktop or Laptop,Windows 10,Chrome 90.0.4430.212,1366x768,1349x625,,demog,7,No,Age-quantised,1
6,1622627775689,02/06/2021 09:56:15,1622627775770,1,02/06/2021 10:56:15,53470,4,questionnaire-uqlw,,13196487,5d204b04b1e50a001a19e385,3971850,,complete,,60b7558746b644660e90b5b9,computer,Desktop or Laptop,Windows 10,Chrome 90.0.4430.212,1366x768,1349x625,,demog,7,No,field,Geography
7,1622627775689,02/06/2021 09:56:15,1622627775770,1,02/06/2021 10:56:15,53470,4,questionnaire-uqlw,,13196487,5d204b04b1e50a001a19e385,3971850,,complete,,60b7558746b644660e90b5b9,computer,Desktop or Laptop,Windows 10,Chrome 90.0.4430.212,1366x768,1349x625,,demog,7,No,Ed_level,undergraduate/Bachelors
8,1622627775689,02/06/2021 09:56:15,1622627775770,1,02/06/2021 10:56:15,53470,4,questionnaire-uqlw,,13196487,5d204b04b1e50a001a19e385,3971850,,complete,,60b7558746b644660e90b5b9,computer,Desktop or Laptop,Windows 10,Chrome 90.0.4430.212,1366x768,1349x625,,demog,7,No,Ed_level-quantised,2
9,1622627775689,02/06/2021 09:56:15,1622627775770,1,02/06/2021 10:56:15,53470,4,questionnaire-uqlw,,13196487,5d204b04b1e50a001a19e385,3971850,,complete,,60b7558746b644660e90b5b9,computer,Desktop or Laptop,Windows 10,Chrome 90.0.4430.212,1366x768,1349x625,,demog,7,No,END QUESTIONNAIRE,19849
1,1622627953137,02/06/2021 09:59:13,1622627783573,1,02/06/2021 10:56:23,53470,4,questionnaire-uqlw,,13196549,5c070c6a3be61100011a29cc,3971772,,complete,,60b753c6c6b776617ebb9542,computer,Desktop or Laptop,Windows 10,Chrome 91.0.4472.77,1366x768,1366x657,,demog,7,No,BEGIN QUESTIONNAIRE,
2,1622628297539,02/06/2021 10:04:57,1622628127957,1,02/06/2021 11:02:07,53470,4,questionnaire-uqlw,,13196549,5c070c6a3be61100011a29cc,3971772,,complete,,60b753c6c6b776617ebb9542,computer,Desktop or Laptop,Windows 10,Chrome 91.0.4472.77,1366x768,1349x657,,demog,7,No,Sex,Male
3,1622628297633,02/06/2021 10:04:57,1622628127963,1,02/06/2021 11:02:07,53470,4,questionnaire-uqlw,,13196549,5c070c6a3be61100011a29cc,3971772,,complete,,60b753c6c6b776617ebb9542,computer,Desktop or Laptop,Windows 10,Chrome 91.0.4472.77,1366x768,1349x657,,demog,7,No,Sex-quantised,2
4,1622628297633,02/06/2021 10:04:57,1622628127963,1,02/06/2021 11:02:07,53470,4,questionnaire-uqlw,,13196549,5c070c6a3be61100011a29cc,3971772,,complete,,60b753c6c6b776617ebb9542,computer,Desktop or Laptop,Windows 10,Chrome 91.0.4472.77,1366x768,1349x657,,demog,7,No,Age,31-40
5,1622628297633,02/06/2021 10:04:57,1622628127963,1,02/06/2021 11:02:07,53470,4,questionnaire-uqlw,,13196549,5c070c6a3be61100011a29cc,3971772,,complete,,60b753c6c6b776617ebb9542,computer,Desktop or Laptop,Windows 10,Chrome 91.0.4472.77,1366x768,1349x657,,demog,7,No,Age-quantised,3
6,1622628297633,02/06/2021 10:04:57,1622628127964,1,02/06/2021 11:02:07,53470,4,questionnaire-uqlw,,13196549,5c070c6a3be61100011a29cc,3971772,,complete,,60b753c6c6b776617ebb9542,computer,Desktop or Laptop,Windows 10,Chrome 91.0.4472.77,1366x768,1349x657,,demog,7,No,field,Psychology
7,1622628297633,02/06/2021 10:04:57,1622628127964,1,02/06/2021 11:02:07,53470,4,questionnaire-uqlw,,13196549,5c070c6a3be61100011a29cc,3971772,,complete,,60b753c6c6b776617ebb9542,computer,Desktop or Laptop,Windows 10,Chrome 91.0.4472.77,1366x768,1349x657,,demog,7,No,Ed_level,less than undergraduate/Bachelors
8,1622628297633,02/06/2021 10:04:57,1622628127964,1,02/06/2021 11:02:07,53470,4,questionnaire-uqlw,,13196549,5c070c6a3be61100011a29cc,3971772,,complete,,60b753c6c6b776617ebb9542,computer,Desktop or Laptop,Windows 10,Chrome 91.0.4472.77,1366x768,1349x657,,demog,7,No,Ed_level-quantised,1
9,1622628297633,02/06/2021 10:04:57,1622628127965,1,02/06/2021 11:02:07,53470,4,questionnaire-uqlw,,13196549,5c070c6a3be61100011a29cc,3971772,,complete,,60b753c6c6b776617ebb9542,computer,Desktop or Laptop,Windows 10,Chrome 91.0.4472.77,1366x768,1349x657,,demog,7,No,END QUESTIONNAIRE,344391
1,1622629335928,02/06/2021 10:22:15,1622629335461,1,02/06/2021 11:22:15,53470,4,questionnaire-uqlw,,13197038,5f6f753fb20ea14ee4072f30,3972097,,complete,,60b75b600403a9d54eaa0154,computer,Desktop or Laptop,Mac OS 10.15.7,Chrome 90.0.4430.212,1440x900,1440x659,,demog,7,No,BEGIN QUESTIONNAIRE,
2,1622629355026,02/06/2021 10:22:35,1622629354603,1,02/06/2021 11:22:34,53470,4,questionnaire-uqlw,,13197038,5f6f753fb20ea14ee4072f30,3972097,,complete,,60b75b600403a9d54eaa0154,computer,Desktop or Laptop,Mac OS 10.15.7,Chrome 90.0.4430.212,1440x900,1440x659,,demog,7,No,Sex,Female
3,1622629355119,02/06/2021 10:22:35,1622629354604,1,02/06/2021 11:22:34,53470,4,questionnaire-uqlw,,13197038,5f6f753fb20ea14ee4072f30,3972097,,complete,,60b75b600403a9d54eaa0154,computer,Desktop or Laptop,Mac OS 10.15.7,Chrome 90.0.4430.212,1440x900,1440x659,,demog,7,No,Sex-quantised,1
4,1622629355119,02/06/2021 10:22:35,1622629354605,1,02/06/2021 11:22:34,53470,4,questionnaire-uqlw,,13197038,5f6f753fb20ea14ee4072f30,3972097,,complete,,60b75b600403a9d54eaa0154,computer,Desktop or Laptop,Mac OS 10.15.7,Chrome 90.0.4430.212,1440x900,1440x659,,demog,7,No,Age,18-24
5,1622629355119,02/06/2021 10:22:35,1622629354605,1,02/06/2021 11:22:34,53470,4,questionnaire-uqlw,,13197038,5f6f753fb20ea14ee4072f30,3972097,,complete,,60b75b600403a9d54eaa0154,computer,Desktop or Laptop,Mac OS 10.15.7,Chrome 90.0.4430.212,1440x900,1440x659,,demog,7,No,Age-quantised,1
6,1622629355119,02/06/2021 10:22:35,1622629354605,1,02/06/2021 11:22:34,53470,4,questionnaire-uqlw,,13197038,5f6f753fb20ea14ee4072f30,3972097,,complete,,60b75b600403a9d54eaa0154,computer,Desktop or Laptop,Mac OS 10.15.7,Chrome 90.0.4430.212,1440x900,1440x659,,demog,7,No,field,psychology
7,1622629355119,02/06/2021 10:22:35,1622629354605,1,02/06/2021 11:22:34,53470,4,questionnaire-uqlw,,13197038,5f6f753fb20ea14ee4072f30,3972097,,complete,,60b75b600403a9d54eaa0154,computer,Desktop or Laptop,Mac OS 10.15.7,Chrome 90.0.4430.212,1440x900,1440x659,,demog,7,No,Ed_level,undergraduate/Bachelors
8,1622629355119,02/06/2021 10:22:35,1622629354605,1,02/06/2021 11:22:34,53470,4,questionnaire-uqlw,,13197038,5f6f753fb20ea14ee4072f30,3972097,,complete,,60b75b600403a9d54eaa0154,computer,Desktop or Laptop,Mac OS 10.15.7,Chrome 90.0.4430.212,1440x900,1440x659,,demog,7,No,Ed_level-quantised,2
9,1622629355119,02/06/2021 10:22:35,1622629354605,1,02/06/2021 11:22:34,53470,4,questionnaire-uqlw,,13197038,5f6f753fb20ea14ee4072f30,3972097,,complete,,60b75b600403a9d54eaa0154,computer,Desktop or Laptop,Mac OS 10.15.7,Chrome 90.0.4430.212,1440x900,1440x659,,demog,7,No,END QUESTIONNAIRE,19144
1,1622631570697,02/06/2021 10:59:30,1622631570517,1,02/06/2021 11:59:30,53470,4,questionnaire-uqlw,,13197935,607703adb30bdd818ebc958a,3972554,,complete,,60b7644cfb406437b2baee6b,computer,Desktop or Laptop,Windows 10,Chrome 90.0.4430.212,1920x1080,1920x969,,demog,7,No,BEGIN QUESTIONNAIRE,
2,1622631593446,02/06/2021 10:59:53,1622631593217,1,02/06/2021 11:59:53,53470,4,questionnaire-uqlw,,13197935,607703adb30bdd818ebc958a,3972554,,complete,,60b7644cfb406437b2baee6b,computer,Desktop or Laptop,Windows 10,Chrome 90.0.4430.212,1920x1080,1920x969,,demog,7,No,Sex,Female
3,1622631593540,02/06/2021 10:59:53,1622631593219,1,02/06/2021 11:59:53,53470,4,questionnaire-uqlw,,13197935,607703adb30bdd818ebc958a,3972554,,complete,,60b7644cfb406437b2baee6b,computer,Desktop or Laptop,Windows 10,Chrome 90.0.4430.212,1920x1080,1920x969,,demog,7,No,Sex-quantised,1
4,1622631593540,02/06/2021 10:59:53,1622631593219,1,02/06/2021 11:59:53,53470,4,questionnaire-uqlw,,13197935,607703adb30bdd818ebc958a,3972554,,complete,,60b7644cfb406437b2baee6b,computer,Desktop or Laptop,Windows 10,Chrome 90.0.4430.212,1920x1080,1920x969,,demog,7,No,Age,18-24
5,1622631593540,02/06/2021 10:59:53,1622631593219,1,02/06/2021 11:59:53,53470,4,questionnaire-uqlw,,13197935,607703adb30bdd818ebc958a,3972554,,complete,,60b7644cfb406437b2baee6b,computer,Desktop or Laptop,Windows 10,Chrome 90.0.4430.212,1920x1080,1920x969,,demog,7,No,Age-quantised,1
6,1622631593540,02/06/2021 10:59:53,1622631593219,1,02/06/2021 11:59:53,53470,4,questionnaire-uqlw,,13197935,607703adb30bdd818ebc958a,3972554,,complete,,60b7644cfb406437b2baee6b,computer,Desktop or Laptop,Windows 10,Chrome 90.0.4430.212,1920x1080,1920x969,,demog,7,No,field,Law
7,1622631593540,02/06/2021 10:59:53,1622631593219,1,02/06/2021 11:59:53,53470,4,questionnaire-uqlw,,13197935,607703adb30bdd818ebc958a,3972554,,complete,,60b7644cfb406437b2baee6b,computer,Desktop or Laptop,Windows 10,Chrome 90.0.4430.212,1920x1080,1920x969,,demog,7,No,Ed_level,less than undergraduate/Bachelors
8,1622631593540,02/06/2021 10:59:53,1622631593219,1,02/06/2021 11:59:53,53470,4,questionnaire-uqlw,,13197935,607703adb30bdd818ebc958a,3972554,,complete,,60b7644cfb406437b2baee6b,computer,Desktop or Laptop,Windows 10,Chrome 90.0.4430.212,1920x1080,1920x969,,demog,7,No,Ed_level-quantised,1
9,1622631593540,02/06/2021 10:59:53,1622631593220,1,02/06/2021 11:59:53,53470,4,questionnaire-uqlw,,13197935,607703adb30bdd818ebc958a,3972554,,complete,,60b7644cfb406437b2baee6b,computer,Desktop or Laptop,Windows 10,Chrome 90.0.4430.212,1920x1080,1920x969,,demog,7,No,END QUESTIONNAIRE,22703
1,1622631605293,02/06/2021 11:00:05,1622631604746,1,02/06/2021 12:00:04,53470,4,questionnaire-uqlw,,13197944,56fad9e4997828000c802706,3972562,,complete,,60b7645bfb406437b2baee6d,computer,Desktop or Laptop,Windows 10,Chrome 90.0.4430.212,1920x1080,1920x969,,demog,7,No,BEGIN QUESTIONNAIRE,
2,1622631620312,02/06/2021 11:00:20,1622631619696,1,02/06/2021 12:00:19,53470,4,questionnaire-uqlw,,13197944,56fad9e4997828000c802706,3972562,,complete,,60b7645bfb406437b2baee6d,computer,Desktop or Laptop,Windows 10,Chrome 90.0.4430.212,1920x1080,1920x969,,demog,7,No,Sex,Male
3,1622631620390,02/06/2021 11:00:20,1622631619697,1,02/06/2021 12:00:19,53470,4,questionnaire-uqlw,,13197944,56fad9e4997828000c802706,3972562,,complete,,60b7645bfb406437b2baee6d,computer,Desktop or Laptop,Windows 10,Chrome 90.0.4430.212,1920x1080,1920x969,,demog,7,No,Sex-quantised,2
4,1622631620390,02/06/2021 11:00:20,1622631619697,1,02/06/2021 12:00:19,53470,4,questionnaire-uqlw,,13197944,56fad9e4997828000c802706,3972562,,complete,,60b7645bfb406437b2baee6d,computer,Desktop or Laptop,Windows 10,Chrome 90.0.4430.212,1920x1080,1920x969,,demog,7,No,Age,31-40
5,1622631620390,02/06/2021 11:00:20,1622631619697,1,02/06/2021 12:00:19,53470,4,questionnaire-uqlw,,13197944,56fad9e4997828000c802706,3972562,,complete,,60b7645bfb406437b2baee6d,computer,Desktop or Laptop,Windows 10,Chrome 90.0.4430.212,1920x1080,1920x969,,demog,7,No,Age-quantised,3
6,1622631620390,02/06/2021 11:00:20,1622631619697,1,02/06/2021 12:00:19,53470,4,questionnaire-uqlw,,13197944,56fad9e4997828000c802706,3972562,,complete,,60b7645bfb406437b2baee6d,computer,Desktop or Laptop,Windows 10,Chrome 90.0.4430.212,1920x1080,1920x969,,demog,7,No,field,computer science
7,1622631620390,02/06/2021 11:00:20,1622631619697,1,02/06/2021 12:00:19,53470,4,questionnaire-uqlw,,13197944,56fad9e4997828000c802706,3972562,,complete,,60b7645bfb406437b2baee6d,computer,Desktop or Laptop,Windows 10,Chrome 90.0.4430.212,1920x1080,1920x969,,demog,7,No,Ed_level,Masters
8,1622631620390,02/06/2021 11:00:20,1622631619697,1,02/06/2021 12:00:19,53470,4,questionnaire-uqlw,,13197944,56fad9e4997828000c802706,3972562,,complete,,60b7645bfb406437b2baee6d,computer,Desktop or Laptop,Windows 10,Chrome 90.0.4430.212,1920x1080,1920x969,,demog,7,No,Ed_level-quantised,3
9,1622631620390,02/06/2021 11:00:20,1622631619698,1,02/06/2021 12:00:19,53470,4,questionnaire-uqlw,,13197944,56fad9e4997828000c802706,3972562,,complete,,60b7645bfb406437b2baee6d,computer,Desktop or Laptop,Windows 10,Chrome 90.0.4430.212,1920x1080,1920x969,,demog,7,No,END QUESTIONNAIRE,14952
1,1622632382224,02/06/2021 11:13:02,1622632381873,1,02/06/2021 12:13:01,53470,4,questionnaire-uqlw,,13198180,60a3ea460bce3bb8815b4617,3973014,,complete,,60b766e761dcf3bdfd67357f,computer,Desktop or Laptop,Windows 10,Chrome 90.0.4430.212,1536x864,1536x722,,demog,7,No,BEGIN QUESTIONNAIRE,
2,1622632408541,02/06/2021 11:13:28,1622632408233,1,02/06/2021 12:13:28,53470,4,questionnaire-uqlw,,13198180,60a3ea460bce3bb8815b4617,3973014,,complete,,60b766e761dcf3bdfd67357f,computer,Desktop or Laptop,Windows 10,Chrome 90.0.4430.212,1536x864,1519x722,,demog,7,No,Sex,Male
3,1622632408626,02/06/2021 11:13:28,1622632408235,1,02/06/2021 12:13:28,53470,4,questionnaire-uqlw,,13198180,60a3ea460bce3bb8815b4617,3973014,,complete,,60b766e761dcf3bdfd67357f,computer,Desktop or Laptop,Windows 10,Chrome 90.0.4430.212,1536x864,1519x722,,demog,7,No,Sex-quantised,2
4,1622632408626,02/06/2021 11:13:28,1622632408235,1,02/06/2021 12:13:28,53470,4,questionnaire-uqlw,,13198180,60a3ea460bce3bb8815b4617,3973014,,complete,,60b766e761dcf3bdfd67357f,computer,Desktop or Laptop,Windows 10,Chrome 90.0.4430.212,1536x864,1519x722,,demog,7,No,Age,18-24
5,1622632408626,02/06/2021 11:13:28,1622632408235,1,02/06/2021 12:13:28,53470,4,questionnaire-uqlw,,13198180,60a3ea460bce3bb8815b4617,3973014,,complete,,60b766e761dcf3bdfd67357f,computer,Desktop or Laptop,Windows 10,Chrome 90.0.4430.212,1536x864,1519x722,,demog,7,No,Age-quantised,1
6,1622632408626,02/06/2021 11:13:28,1622632408235,1,02/06/2021 12:13:28,53470,4,questionnaire-uqlw,,13198180,60a3ea460bce3bb8815b4617,3973014,,complete,,60b766e761dcf3bdfd67357f,computer,Desktop or Laptop,Windows 10,Chrome 90.0.4430.212,1536x864,1519x722,,demog,7,No,field,Biomedical Science
7,1622632408626,02/06/2021 11:13:28,1622632408236,1,02/06/2021 12:13:28,53470,4,questionnaire-uqlw,,13198180,60a3ea460bce3bb8815b4617,3973014,,complete,,60b766e761dcf3bdfd67357f,computer,Desktop or Laptop,Windows 10,Chrome 90.0.4430.212,1536x864,1519x722,,demog,7,No,Ed_level,Masters
8,1622632408626,02/06/2021 11:13:28,1622632408236,1,02/06/2021 12:13:28,53470,4,questionnaire-uqlw,,13198180,60a3ea460bce3bb8815b4617,3973014,,complete,,60b766e761dcf3bdfd67357f,computer,Desktop or Laptop,Windows 10,Chrome 90.0.4430.212,1536x864,1519x722,,demog,7,No,Ed_level-quantised,3
9,1622632408626,02/06/2021 11:13:28,1622632408236,1,02/06/2021 12:13:28,53470,4,questionnaire-uqlw,,13198180,60a3ea460bce3bb8815b4617,3973014,,complete,,60b766e761dcf3bdfd67357f,computer,Desktop or Laptop,Windows 10,Chrome 90.0.4430.212,1536x864,1519x722,,demog,7,No,END QUESTIONNAIRE,26363
1,1622632445752,02/06/2021 11:14:05,1622632445834,1,02/06/2021 12:14:05,53470,4,questionnaire-uqlw,,13198219,60b25c51065fbb9f4554d7eb,3973031,,complete,,60b76670dace5872938bffd2,computer,Desktop or Laptop,Windows 10,Chrome 91.0.4472.77,1280x720,1280x616,,demog,7,No,BEGIN QUESTIONNAIRE,
2,1622632459691,02/06/2021 11:14:19,1622632459816,1,02/06/2021 12:14:19,53470,4,questionnaire-uqlw,,13198219,60b25c51065fbb9f4554d7eb,3973031,,complete,,60b76670dace5872938bffd2,computer,Desktop or Laptop,Windows 10,Chrome 91.0.4472.77,1280x720,1263x616,,demog,7,No,Sex,Female
3,1622632459753,02/06/2021 11:14:19,1622632459817,1,02/06/2021 12:14:19,53470,4,questionnaire-uqlw,,13198219,60b25c51065fbb9f4554d7eb,3973031,,complete,,60b76670dace5872938bffd2,computer,Desktop or Laptop,Windows 10,Chrome 91.0.4472.77,1280x720,1263x616,,demog,7,No,Sex-quantised,1
4,1622632459753,02/06/2021 11:14:19,1622632459818,1,02/06/2021 12:14:19,53470,4,questionnaire-uqlw,,13198219,60b25c51065fbb9f4554d7eb,3973031,,complete,,60b76670dace5872938bffd2,computer,Desktop or Laptop,Windows 10,Chrome 91.0.4472.77,1280x720,1263x616,,demog,7,No,Age,18-24
5,1622632459753,02/06/2021 11:14:19,1622632459818,1,02/06/2021 12:14:19,53470,4,questionnaire-uqlw,,13198219,60b25c51065fbb9f4554d7eb,3973031,,complete,,60b76670dace5872938bffd2,computer,Desktop or Laptop,Windows 10,Chrome 91.0.4472.77,1280x720,1263x616,,demog,7,No,Age-quantised,1
6,1622632459753,02/06/2021 11:14:19,1622632459818,1,02/06/2021 12:14:19,53470,4,questionnaire-uqlw,,13198219,60b25c51065fbb9f4554d7eb,3973031,,complete,,60b76670dace5872938bffd2,computer,Desktop or Laptop,Windows 10,Chrome 91.0.4472.77,1280x720,1263x616,,demog,7,No,field,Neuroscience
7,1622632459753,02/06/2021 11:14:19,1622632459818,1,02/06/2021 12:14:19,53470,4,questionnaire-uqlw,,13198219,60b25c51065fbb9f4554d7eb,3973031,,complete,,60b76670dace5872938bffd2,computer,Desktop or Laptop,Windows 10,Chrome 91.0.4472.77,1280x720,1263x616,,demog,7,No,Ed_level,undergraduate/Bachelors
8,1622632459753,02/06/2021 11:14:19,1622632459818,1,02/06/2021 12:14:19,53470,4,questionnaire-uqlw,,13198219,60b25c51065fbb9f4554d7eb,3973031,,complete,,60b76670dace5872938bffd2,computer,Desktop or Laptop,Windows 10,Chrome 91.0.4472.77,1280x720,1263x616,,demog,7,No,Ed_level-quantised,2
9,1622632459753,02/06/2021 11:14:19,1622632459818,1,02/06/2021 12:14:19,53470,4,questionnaire-uqlw,,13198219,60b25c51065fbb9f4554d7eb,3973031,,complete,,60b76670dace5872938bffd2,computer,Desktop or Laptop,Windows 10,Chrome 91.0.4472.77,1280x720,1263x616,,demog,7,No,END QUESTIONNAIRE,13984
1,1622632691811,02/06/2021 11:18:11,1622632691695,1,02/06/2021 12:18:11,53470,4,questionnaire-uqlw,,13198346,5bec8599fdf8c50001d0d329,3973093,,complete,,60b768e93fb38676dc4955b7,computer,Desktop or Laptop,Mac OS 10.15.7,Chrome 90.0.4430.212,1440x900,1440x789,,demog,7,No,BEGIN QUESTIONNAIRE,
2,1622632708638,02/06/2021 11:18:28,1622632708594,1,02/06/2021 12:18:28,53470,4,questionnaire-uqlw,,13198346,5bec8599fdf8c50001d0d329,3973093,,complete,,60b768e93fb38676dc4955b7,computer,Desktop or Laptop,Mac OS 10.15.7,Chrome 90.0.4430.212,1440x900,1440x789,,demog,7,No,Sex,Female
3,1622632708730,02/06/2021 11:18:28,1622632708596,1,02/06/2021 12:18:28,53470,4,questionnaire-uqlw,,13198346,5bec8599fdf8c50001d0d329,3973093,,complete,,60b768e93fb38676dc4955b7,computer,Desktop or Laptop,Mac OS 10.15.7,Chrome 90.0.4430.212,1440x900,1440x789,,demog,7,No,Sex-quantised,1
4,1622632708730,02/06/2021 11:18:28,1622632708596,1,02/06/2021 12:18:28,53470,4,questionnaire-uqlw,,13198346,5bec8599fdf8c50001d0d329,3973093,,complete,,60b768e93fb38676dc4955b7,computer,Desktop or Laptop,Mac OS 10.15.7,Chrome 90.0.4430.212,1440x900,1440x789,,demog,7,No,Age,18-24
5,1622632708730,02/06/2021 11:18:28,1622632708596,1,02/06/2021 12:18:28,53470,4,questionnaire-uqlw,,13198346,5bec8599fdf8c50001d0d329,3973093,,complete,,60b768e93fb38676dc4955b7,computer,Desktop or Laptop,Mac OS 10.15.7,Chrome 90.0.4430.212,1440x900,1440x789,,demog,7,No,Age-quantised,1
6,1622632708730,02/06/2021 11:18:28,1622632708597,1,02/06/2021 12:18:28,53470,4,questionnaire-uqlw,,13198346,5bec8599fdf8c50001d0d329,3973093,,complete,,60b768e93fb38676dc4955b7,computer,Desktop or Laptop,Mac OS 10.15.7,Chrome 90.0.4430.212,1440x900,1440x789,,demog,7,No,field,Geology
7,1622632708730,02/06/2021 11:18:28,1622632708597,1,02/06/2021 12:18:28,53470,4,questionnaire-uqlw,,13198346,5bec8599fdf8c50001d0d329,3973093,,complete,,60b768e93fb38676dc4955b7,computer,Desktop or Laptop,Mac OS 10.15.7,Chrome 90.0.4430.212,1440x900,1440x789,,demog,7,No,Ed_level,less than undergraduate/Bachelors
8,1622632708730,02/06/2021 11:18:28,1622632708597,1,02/06/2021 12:18:28,53470,4,questionnaire-uqlw,,13198346,5bec8599fdf8c50001d0d329,3973093,,complete,,60b768e93fb38676dc4955b7,computer,Desktop or Laptop,Mac OS 10.15.7,Chrome 90.0.4430.212,1440x900,1440x789,,demog,7,No,Ed_level-quantised,1
9,1622632708730,02/06/2021 11:18:28,1622632708597,1,02/06/2021 12:18:28,53470,4,questionnaire-uqlw,,13198346,5bec8599fdf8c50001d0d329,3973093,,complete,,60b768e93fb38676dc4955b7,computer,Desktop or Laptop,Mac OS 10.15.7,Chrome 90.0.4430.212,1440x900,1440x789,,demog,7,No,END QUESTIONNAIRE,16902
1,1622633161323,02/06/2021 11:26:01,1622633161217,1,02/06/2021 12:26:01,53470,4,questionnaire-uqlw,,13198570,609a9fbdf8ce8906d50c1f10,3973158,,complete,,60b76aaaf5de83b86932f02a,computer,Desktop or Laptop,Windows 10,Chrome 90.0.4430.212,1920x1080,1920x937,,demog,7,No,BEGIN QUESTIONNAIRE,
2,1622633186441,02/06/2021 11:26:26,1622633186386,1,02/06/2021 12:26:26,53470,4,questionnaire-uqlw,,13198570,609a9fbdf8ce8906d50c1f10,3973158,,complete,,60b76aaaf5de83b86932f02a,computer,Desktop or Laptop,Windows 10,Chrome 90.0.4430.212,1920x1080,1920x937,,demog,7,No,Sex,Male
3,1622633186519,02/06/2021 11:26:26,1622633186388,1,02/06/2021 12:26:26,53470,4,questionnaire-uqlw,,13198570,609a9fbdf8ce8906d50c1f10,3973158,,complete,,60b76aaaf5de83b86932f02a,computer,Desktop or Laptop,Windows 10,Chrome 90.0.4430.212,1920x1080,1920x937,,demog,7,No,Sex-quantised,2
4,1622633186519,02/06/2021 11:26:26,1622633186388,1,02/06/2021 12:26:26,53470,4,questionnaire-uqlw,,13198570,609a9fbdf8ce8906d50c1f10,3973158,,complete,,60b76aaaf5de83b86932f02a,computer,Desktop or Laptop,Windows 10,Chrome 90.0.4430.212,1920x1080,1920x937,,demog,7,No,Age,18-24
5,1622633186519,02/06/2021 11:26:26,1622633186388,1,02/06/2021 12:26:26,53470,4,questionnaire-uqlw,,13198570,609a9fbdf8ce8906d50c1f10,3973158,,complete,,60b76aaaf5de83b86932f02a,computer,Desktop or Laptop,Windows 10,Chrome 90.0.4430.212,1920x1080,1920x937,,demog,7,No,Age-quantised,1
6,1622633186519,02/06/2021 11:26:26,1622633186388,1,02/06/2021 12:26:26,53470,4,questionnaire-uqlw,,13198570,609a9fbdf8ce8906d50c1f10,3973158,,complete,,60b76aaaf5de83b86932f02a,computer,Desktop or Laptop,Windows 10,Chrome 90.0.4430.212,1920x1080,1920x937,,demog,7,No,field,Chemistry
7,1622633186519,02/06/2021 11:26:26,1622633186389,1,02/06/2021 12:26:26,53470,4,questionnaire-uqlw,,13198570,609a9fbdf8ce8906d50c1f10,3973158,,complete,,60b76aaaf5de83b86932f02a,computer,Desktop or Laptop,Windows 10,Chrome 90.0.4430.212,1920x1080,1920x937,,demog,7,No,Ed_level,undergraduate/Bachelors
8,1622633186519,02/06/2021 11:26:26,1622633186389,1,02/06/2021 12:26:26,53470,4,questionnaire-uqlw,,13198570,609a9fbdf8ce8906d50c1f10,3973158,,complete,,60b76aaaf5de83b86932f02a,computer,Desktop or Laptop,Windows 10,Chrome 90.0.4430.212,1920x1080,1920x937,,demog,7,No,Ed_level-quantised,2
9,1622633186519,02/06/2021 11:26:26,1622633186390,1,02/06/2021 12:26:26,53470,4,questionnaire-uqlw,,13198570,609a9fbdf8ce8906d50c1f10,3973158,,complete,,60b76aaaf5de83b86932f02a,computer,Desktop or Laptop,Windows 10,Chrome 90.0.4430.212,1920x1080,1920x937,,demog,7,No,END QUESTIONNAIRE,25173
1,1622634269437,02/06/2021 11:44:29,1622634269907,1,02/06/2021 12:44:29,53470,4,questionnaire-uqlw,,13199001,5f59f42bfb59c302777b0425,3973335,,complete,,60b76ef17344429c94c69b97,computer,Desktop or Laptop,Windows 10,Chrome 90.0.4430.93,1280x720,1707x771,,demog,7,No,BEGIN QUESTIONNAIRE,
2,1622634282650,02/06/2021 11:44:42,1622634283171,1,02/06/2021 12:44:43,53470,4,questionnaire-uqlw,,13199001,5f59f42bfb59c302777b0425,3973335,,complete,,60b76ef17344429c94c69b97,computer,Desktop or Laptop,Windows 10,Chrome 90.0.4430.93,1280x720,1684x771,,demog,7,No,Sex,Female
3,1622634282751,02/06/2021 11:44:42,1622634283172,1,02/06/2021 12:44:43,53470,4,questionnaire-uqlw,,13199001,5f59f42bfb59c302777b0425,3973335,,complete,,60b76ef17344429c94c69b97,computer,Desktop or Laptop,Windows 10,Chrome 90.0.4430.93,1280x720,1684x771,,demog,7,No,Sex-quantised,1
4,1622634282751,02/06/2021 11:44:42,1622634283172,1,02/06/2021 12:44:43,53470,4,questionnaire-uqlw,,13199001,5f59f42bfb59c302777b0425,3973335,,complete,,60b76ef17344429c94c69b97,computer,Desktop or Laptop,Windows 10,Chrome 90.0.4430.93,1280x720,1684x771,,demog,7,No,Age,25-30
5,1622634282751,02/06/2021 11:44:42,1622634283172,1,02/06/2021 12:44:43,53470,4,questionnaire-uqlw,,13199001,5f59f42bfb59c302777b0425,3973335,,complete,,60b76ef17344429c94c69b97,computer,Desktop or Laptop,Windows 10,Chrome 90.0.4430.93,1280x720,1684x771,,demog,7,No,Age-quantised,2
6,1622634282751,02/06/2021 11:44:42,1622634283172,1,02/06/2021 12:44:43,53470,4,questionnaire-uqlw,,13199001,5f59f42bfb59c302777b0425,3973335,,complete,,60b76ef17344429c94c69b97,computer,Desktop or Laptop,Windows 10,Chrome 90.0.4430.93,1280x720,1684x771,,demog,7,No,field,Chemistry
7,1622634282751,02/06/2021 11:44:42,1622634283172,1,02/06/2021 12:44:43,53470,4,questionnaire-uqlw,,13199001,5f59f42bfb59c302777b0425,3973335,,complete,,60b76ef17344429c94c69b97,computer,Desktop or Laptop,Windows 10,Chrome 90.0.4430.93,1280x720,1684x771,,demog,7,No,Ed_level,PhD
8,1622634282751,02/06/2021 11:44:42,1622634283172,1,02/06/2021 12:44:43,53470,4,questionnaire-uqlw,,13199001,5f59f42bfb59c302777b0425,3973335,,complete,,60b76ef17344429c94c69b97,computer,Desktop or Laptop,Windows 10,Chrome 90.0.4430.93,1280x720,1684x771,,demog,7,No,Ed_level-quantised,4
9,1622634282751,02/06/2021 11:44:42,1622634283173,1,02/06/2021 12:44:43,53470,4,questionnaire-uqlw,,13199001,5f59f42bfb59c302777b0425,3973335,,complete,,60b76ef17344429c94c69b97,computer,Desktop or Laptop,Windows 10,Chrome 90.0.4430.93,1280x720,1684x771,,demog,7,No,END QUESTIONNAIRE,13266
1,1622634435620,02/06/2021 11:47:15,1622634435521,1,02/06/2021 12:47:15,53470,4,questionnaire-uqlw,,13199065,60a8f9bb98f8ecd65bc492db,3973356,,complete,,60b76fa5e701fd91023af757,computer,Desktop or Laptop,Mac OS 10.15.3,Safari 13.0.5,1440x900,1215x705,,demog,7,No,BEGIN QUESTIONNAIRE,
2,1622634452959,02/06/2021 11:47:32,1622634452885,1,02/06/2021 12:47:32,53470,4,questionnaire-uqlw,,13199065,60a8f9bb98f8ecd65bc492db,3973356,,complete,,60b76fa5e701fd91023af757,computer,Desktop or Laptop,Mac OS 10.15.3,Safari 13.0.5,1440x900,1215x705,,demog,7,No,Sex,Female
3,1622634453116,02/06/2021 11:47:33,1622634452887,1,02/06/2021 12:47:32,53470,4,questionnaire-uqlw,,13199065,60a8f9bb98f8ecd65bc492db,3973356,,complete,,60b76fa5e701fd91023af757,computer,Desktop or Laptop,Mac OS 10.15.3,Safari 13.0.5,1440x900,1215x705,,demog,7,No,Sex-quantised,1
4,1622634453116,02/06/2021 11:47:33,1622634452887,1,02/06/2021 12:47:32,53470,4,questionnaire-uqlw,,13199065,60a8f9bb98f8ecd65bc492db,3973356,,complete,,60b76fa5e701fd91023af757,computer,Desktop or Laptop,Mac OS 10.15.3,Safari 13.0.5,1440x900,1215x705,,demog,7,No,Age,18-24
5,1622634453116,02/06/2021 11:47:33,1622634452887,1,02/06/2021 12:47:32,53470,4,questionnaire-uqlw,,13199065,60a8f9bb98f8ecd65bc492db,3973356,,complete,,60b76fa5e701fd91023af757,computer,Desktop or Laptop,Mac OS 10.15.3,Safari 13.0.5,1440x900,1215x705,,demog,7,No,Age-quantised,1
6,1622634453116,02/06/2021 11:47:33,1622634452888,1,02/06/2021 12:47:32,53470,4,questionnaire-uqlw,,13199065,60a8f9bb98f8ecd65bc492db,3973356,,complete,,60b76fa5e701fd91023af757,computer,Desktop or Laptop,Mac OS 10.15.3,Safari 13.0.5,1440x900,1215x705,,demog,7,No,field,psychology
7,1622634453116,02/06/2021 11:47:33,1622634452888,1,02/06/2021 12:47:32,53470,4,questionnaire-uqlw,,13199065,60a8f9bb98f8ecd65bc492db,3973356,,complete,,60b76fa5e701fd91023af757,computer,Desktop or Laptop,Mac OS 10.15.3,Safari 13.0.5,1440x900,1215x705,,demog,7,No,Ed_level,undergraduate/Bachelors
8,1622634453116,02/06/2021 11:47:33,1622634452888,1,02/06/2021 12:47:32,53470,4,questionnaire-uqlw,,13199065,60a8f9bb98f8ecd65bc492db,3973356,,complete,,60b76fa5e701fd91023af757,computer,Desktop or Laptop,Mac OS 10.15.3,Safari 13.0.5,1440x900,1215x705,,demog,7,No,Ed_level-quantised,2
9,1622634453116,02/06/2021 11:47:33,1622634452888,1,02/06/2021 12:47:32,53470,4,questionnaire-uqlw,,13199065,60a8f9bb98f8ecd65bc492db,3973356,,complete,,60b76fa5e701fd91023af757,computer,Desktop or Laptop,Mac OS 10.15.3,Safari 13.0.5,1440x900,1215x705,,demog,7,No,END QUESTIONNAIRE,17368
1,1622634526893,02/06/2021 11:48:46,1622634527924,1,02/06/2021 12:48:47,53470,4,questionnaire-uqlw,,13199098,5b66de2b10280f0001f0c573,3973369,,complete,,60b76fdf40b594618df55489,computer,Desktop or Laptop,Windows 10,Chrome 90.0.4430.212,1280x720,1280x610,,demog,7,No,BEGIN QUESTIONNAIRE,
2,1622634549024,02/06/2021 11:49:09,1622634550080,1,02/06/2021 12:49:10,53470,4,questionnaire-uqlw,,13199098,5b66de2b10280f0001f0c573,3973369,,complete,,60b76fdf40b594618df55489,computer,Desktop or Laptop,Windows 10,Chrome 90.0.4430.212,1280x720,1263x610,,demog,7,No,Sex,Female
3,1622634549558,02/06/2021 11:49:09,1622634550082,1,02/06/2021 12:49:10,53470,4,questionnaire-uqlw,,13199098,5b66de2b10280f0001f0c573,3973369,,complete,,60b76fdf40b594618df55489,computer,Desktop or Laptop,Windows 10,Chrome 90.0.4430.212,1280x720,1263x610,,demog,7,No,Sex-quantised,1
4,1622634549558,02/06/2021 11:49:09,1622634550082,1,02/06/2021 12:49:10,53470,4,questionnaire-uqlw,,13199098,5b66de2b10280f0001f0c573,3973369,,complete,,60b76fdf40b594618df55489,computer,Desktop or Laptop,Windows 10,Chrome 90.0.4430.212,1280x720,1263x610,,demog,7,No,Age,18-24
5,1622634549558,02/06/2021 11:49:09,1622634550082,1,02/06/2021 12:49:10,53470,4,questionnaire-uqlw,,13199098,5b66de2b10280f0001f0c573,3973369,,complete,,60b76fdf40b594618df55489,computer,Desktop or Laptop,Windows 10,Chrome 90.0.4430.212,1280x720,1263x610,,demog,7,No,Age-quantised,1
6,1622634549558,02/06/2021 11:49:09,1622634550082,1,02/06/2021 12:49:10,53470,4,questionnaire-uqlw,,13199098,5b66de2b10280f0001f0c573,3973369,,complete,,60b76fdf40b594618df55489,computer,Desktop or Laptop,Windows 10,Chrome 90.0.4430.212,1280x720,1263x610,,demog,7,No,field,Microbiology
7,1622634549558,02/06/2021 11:49:09,1622634550082,1,02/06/2021 12:49:10,53470,4,questionnaire-uqlw,,13199098,5b66de2b10280f0001f0c573,3973369,,complete,,60b76fdf40b594618df55489,computer,Desktop or Laptop,Windows 10,Chrome 90.0.4430.212,1280x720,1263x610,,demog,7,No,Ed_level,undergraduate/Bachelors
8,1622634549558,02/06/2021 11:49:09,1622634550082,1,02/06/2021 12:49:10,53470,4,questionnaire-uqlw,,13199098,5b66de2b10280f0001f0c573,3973369,,complete,,60b76fdf40b594618df55489,computer,Desktop or Laptop,Windows 10,Chrome 90.0.4430.212,1280x720,1263x610,,demog,7,No,Ed_level-quantised,2
9,1622634549558,02/06/2021 11:49:09,1622634550083,1,02/06/2021 12:49:10,53470,4,questionnaire-uqlw,,13199098,5b66de2b10280f0001f0c573,3973369,,complete,,60b76fdf40b594618df55489,computer,Desktop or Laptop,Windows 10,Chrome 90.0.4430.212,1280x720,1263x610,,demog,7,No,END QUESTIONNAIRE,22159
1,1622635268030,02/06/2021 12:01:08,1622635267375,1,02/06/2021 13:01:07,53470,4,questionnaire-uqlw,,13199325,5c1ac1c637dd01000114e36a,3973503,,complete,,60b772e4420b2d4d76db6e57,computer,Desktop or Laptop,Windows 10,Chrome 90.0.4430.212,1280x720,786x568,,demog,7,No,BEGIN QUESTIONNAIRE,
2,1622635285657,02/06/2021 12:01:25,1622635285062,1,02/06/2021 13:01:25,53470,4,questionnaire-uqlw,,13199325,5c1ac1c637dd01000114e36a,3973503,,complete,,60b772e4420b2d4d76db6e57,computer,Desktop or Laptop,Windows 10,Chrome 90.0.4430.212,1280x720,769x568,,demog,7,No,Sex,Female
3,1622635285722,02/06/2021 12:01:25,1622635285063,1,02/06/2021 13:01:25,53470,4,questionnaire-uqlw,,13199325,5c1ac1c637dd01000114e36a,3973503,,complete,,60b772e4420b2d4d76db6e57,computer,Desktop or Laptop,Windows 10,Chrome 90.0.4430.212,1280x720,769x568,,demog,7,No,Sex-quantised,1
4,1622635285722,02/06/2021 12:01:25,1622635285063,1,02/06/2021 13:01:25,53470,4,questionnaire-uqlw,,13199325,5c1ac1c637dd01000114e36a,3973503,,complete,,60b772e4420b2d4d76db6e57,computer,Desktop or Laptop,Windows 10,Chrome 90.0.4430.212,1280x720,769x568,,demog,7,No,Age,18-24
5,1622635285722,02/06/2021 12:01:25,1622635285063,1,02/06/2021 13:01:25,53470,4,questionnaire-uqlw,,13199325,5c1ac1c637dd01000114e36a,3973503,,complete,,60b772e4420b2d4d76db6e57,computer,Desktop or Laptop,Windows 10,Chrome 90.0.4430.212,1280x720,769x568,,demog,7,No,Age-quantised,1
6,1622635285722,02/06/2021 12:01:25,1622635285063,1,02/06/2021 13:01:25,53470,4,questionnaire-uqlw,,13199325,5c1ac1c637dd01000114e36a,3973503,,complete,,60b772e4420b2d4d76db6e57,computer,Desktop or Laptop,Windows 10,Chrome 90.0.4430.212,1280x720,769x568,,demog,7,No,field,dentistry
7,1622635285722,02/06/2021 12:01:25,1622635285064,1,02/06/2021 13:01:25,53470,4,questionnaire-uqlw,,13199325,5c1ac1c637dd01000114e36a,3973503,,complete,,60b772e4420b2d4d76db6e57,computer,Desktop or Laptop,Windows 10,Chrome 90.0.4430.212,1280x720,769x568,,demog,7,No,Ed_level,undergraduate/Bachelors
8,1622635285722,02/06/2021 12:01:25,1622635285064,1,02/06/2021 13:01:25,53470,4,questionnaire-uqlw,,13199325,5c1ac1c637dd01000114e36a,3973503,,complete,,60b772e4420b2d4d76db6e57,computer,Desktop or Laptop,Windows 10,Chrome 90.0.4430.212,1280x720,769x568,,demog,7,No,Ed_level-quantised,2
9,1622635285722,02/06/2021 12:01:25,1622635285064,1,02/06/2021 13:01:25,53470,4,questionnaire-uqlw,,13199325,5c1ac1c637dd01000114e36a,3973503,,complete,,60b772e4420b2d4d76db6e57,computer,Desktop or Laptop,Windows 10,Chrome 90.0.4430.212,1280x720,769x568,,demog,7,No,END QUESTIONNAIRE,17690
1,1622636330599,02/06/2021 12:18:50,1622636330492,1,02/06/2021 13:18:50,53470,4,questionnaire-uqlw,,13199686,5d25ee154b5c4f0018fdaaa7,3973641,,complete,,60b777087dd5f8d18c06dd16,computer,Desktop or Laptop,Mac OS 10.15.7,Chrome 90.0.4430.212,1440x900,1440x696,,demog,7,No,BEGIN QUESTIONNAIRE,
2,1622636344469,02/06/2021 12:19:04,1622636344401,1,02/06/2021 13:19:04,53470,4,questionnaire-uqlw,,13199686,5d25ee154b5c4f0018fdaaa7,3973641,,complete,,60b777087dd5f8d18c06dd16,computer,Desktop or Laptop,Mac OS 10.15.7,Chrome 90.0.4430.212,1440x900,1440x696,,demog,7,No,Sex,Female
3,1622636344547,02/06/2021 12:19:04,1622636344402,1,02/06/2021 13:19:04,53470,4,questionnaire-uqlw,,13199686,5d25ee154b5c4f0018fdaaa7,3973641,,complete,,60b777087dd5f8d18c06dd16,computer,Desktop or Laptop,Mac OS 10.15.7,Chrome 90.0.4430.212,1440x900,1440x696,,demog,7,No,Sex-quantised,1
4,1622636344547,02/06/2021 12:19:04,1622636344402,1,02/06/2021 13:19:04,53470,4,questionnaire-uqlw,,13199686,5d25ee154b5c4f0018fdaaa7,3973641,,complete,,60b777087dd5f8d18c06dd16,computer,Desktop or Laptop,Mac OS 10.15.7,Chrome 90.0.4430.212,1440x900,1440x696,,demog,7,No,Age,18-24
5,1622636344547,02/06/2021 12:19:04,1622636344402,1,02/06/2021 13:19:04,53470,4,questionnaire-uqlw,,13199686,5d25ee154b5c4f0018fdaaa7,3973641,,complete,,60b777087dd5f8d18c06dd16,computer,Desktop or Laptop,Mac OS 10.15.7,Chrome 90.0.4430.212,1440x900,1440x696,,demog,7,No,Age-quantised,1
6,1622636344547,02/06/2021 12:19:04,1622636344403,1,02/06/2021 13:19:04,53470,4,questionnaire-uqlw,,13199686,5d25ee154b5c4f0018fdaaa7,3973641,,complete,,60b777087dd5f8d18c06dd16,computer,Desktop or Laptop,Mac OS 10.15.7,Chrome 90.0.4430.212,1440x900,1440x696,,demog,7,No,field,Psychology
7,1622636344547,02/06/2021 12:19:04,1622636344403,1,02/06/2021 13:19:04,53470,4,questionnaire-uqlw,,13199686,5d25ee154b5c4f0018fdaaa7,3973641,,complete,,60b777087dd5f8d18c06dd16,computer,Desktop or Laptop,Mac OS 10.15.7,Chrome 90.0.4430.212,1440x900,1440x696,,demog,7,No,Ed_level,Masters
8,1622636344547,02/06/2021 12:19:04,1622636344403,1,02/06/2021 13:19:04,53470,4,questionnaire-uqlw,,13199686,5d25ee154b5c4f0018fdaaa7,3973641,,complete,,60b777087dd5f8d18c06dd16,computer,Desktop or Laptop,Mac OS 10.15.7,Chrome 90.0.4430.212,1440x900,1440x696,,demog,7,No,Ed_level-quantised,3
9,1622636344547,02/06/2021 12:19:04,1622636344403,1,02/06/2021 13:19:04,53470,4,questionnaire-uqlw,,13199686,5d25ee154b5c4f0018fdaaa7,3973641,,complete,,60b777087dd5f8d18c06dd16,computer,Desktop or Laptop,Mac OS 10.15.7,Chrome 90.0.4430.212,1440x900,1440x696,,demog,7,No,END QUESTIONNAIRE,13911
1,1622636745517,02/06/2021 12:25:45,1622636746725,1,02/06/2021 13:25:46,53470,4,questionnaire-uqlw,,13199841,5d2202ffa80a600017d967b5,3973701,,complete,,60b778765415380f460dd5ba,computer,Desktop or Laptop,Windows 10,Chrome 91.0.4472.77,1280x720,1280x609,,demog,7,No,BEGIN QUESTIONNAIRE,
2,1622636765329,02/06/2021 12:26:05,1622636766573,1,02/06/2021 13:26:06,53470,4,questionnaire-uqlw,,13199841,5d2202ffa80a600017d967b5,3973701,,complete,,60b778765415380f460dd5ba,computer,Desktop or Laptop,Windows 10,Chrome 91.0.4472.77,1280x720,1263x609,,demog,7,No,Sex,Female
3,1622636765408,02/06/2021 12:26:05,1622636766574,1,02/06/2021 13:26:06,53470,4,questionnaire-uqlw,,13199841,5d2202ffa80a600017d967b5,3973701,,complete,,60b778765415380f460dd5ba,computer,Desktop or Laptop,Windows 10,Chrome 91.0.4472.77,1280x720,1263x609,,demog,7,No,Sex-quantised,1
4,1622636765408,02/06/2021 12:26:05,1622636766574,1,02/06/2021 13:26:06,53470,4,questionnaire-uqlw,,13199841,5d2202ffa80a600017d967b5,3973701,,complete,,60b778765415380f460dd5ba,computer,Desktop or Laptop,Windows 10,Chrome 91.0.4472.77,1280x720,1263x609,,demog,7,No,Age,18-24
5,1622636765408,02/06/2021 12:26:05,1622636766574,1,02/06/2021 13:26:06,53470,4,questionnaire-uqlw,,13199841,5d2202ffa80a600017d967b5,3973701,,complete,,60b778765415380f460dd5ba,computer,Desktop or Laptop,Windows 10,Chrome 91.0.4472.77,1280x720,1263x609,,demog,7,No,Age-quantised,1
6,1622636765408,02/06/2021 12:26:05,1622636766574,1,02/06/2021 13:26:06,53470,4,questionnaire-uqlw,,13199841,5d2202ffa80a600017d967b5,3973701,,complete,,60b778765415380f460dd5ba,computer,Desktop or Laptop,Windows 10,Chrome 91.0.4472.77,1280x720,1263x609,,demog,7,No,field,Chemistry
7,1622636765408,02/06/2021 12:26:05,1622636766575,1,02/06/2021 13:26:06,53470,4,questionnaire-uqlw,,13199841,5d2202ffa80a600017d967b5,3973701,,complete,,60b778765415380f460dd5ba,computer,Desktop or Laptop,Windows 10,Chrome 91.0.4472.77,1280x720,1263x609,,demog,7,No,Ed_level,undergraduate/Bachelors
8,1622636765408,02/06/2021 12:26:05,1622636766575,1,02/06/2021 13:26:06,53470,4,questionnaire-uqlw,,13199841,5d2202ffa80a600017d967b5,3973701,,complete,,60b778765415380f460dd5ba,computer,Desktop or Laptop,Windows 10,Chrome 91.0.4472.77,1280x720,1263x609,,demog,7,No,Ed_level-quantised,2
9,1622636765408,02/06/2021 12:26:05,1622636766575,1,02/06/2021 13:26:06,53470,4,questionnaire-uqlw,,13199841,5d2202ffa80a600017d967b5,3973701,,complete,,60b778765415380f460dd5ba,computer,Desktop or Laptop,Windows 10,Chrome 91.0.4472.77,1280x720,1263x609,,demog,7,No,END QUESTIONNAIRE,19850
END OF FILE
